epoch,iter,lossG,lossGfwd,lossGadv,lossD,lossDadv-org,lossDadv-gen,lossDadv-mix,SSIM,PSNR,LPIPS,HistW
0,500,3.910815,3.476502,-0.434313,23.687482,13.598877,8.666572,11.510640,0.991376,38.524550,0.104273,0.071295
1,1000,1.756562,1.488610,-0.267952,2.353293,0.906650,1.445832,1.447453,0.000000,0.000000,0.000000,0.000000
2,1500,1.311176,1.141066,-0.170111,2.192115,0.917692,1.268923,1.279922,0.000000,0.000000,0.000000,0.000000
3,2000,1.127246,1.000706,-0.126539,2.144575,0.938506,1.200934,1.211204,0.000000,0.000000,0.000000,0.000000
4,2500,1.016317,0.916646,-0.099670,2.121987,0.958864,1.160115,1.166131,0.000000,0.000000,0.000000,0.000000
5,3000,0.990506,0.898659,-0.091847,2.095202,0.954541,1.139335,1.141987,0.994943,43.981983,0.072732,0.056860
6,3500,0.895863,0.838862,-0.057001,2.075864,0.974618,1.100373,1.102119,0.000000,0.000000,0.000000,0.000000
7,4000,0.874928,0.830480,-0.044447,2.062407,0.982715,1.080015,1.079368,0.000000,0.000000,0.000000,0.000000
8,4500,0.846494,0.808092,-0.038402,2.061752,0.991773,1.068639,1.071319,0.000000,0.000000,0.000000,0.000000
9,5000,0.776854,0.761131,-0.015723,2.045541,1.005107,1.040786,1.040082,0.000000,0.000000,0.000000,0.000000
10,5500,0.757102,0.730789,-0.026313,2.037881,0.989137,1.048484,1.049003,0.996378,45.949872,0.049777,0.062115
11,6000,0.740591,0.720523,-0.020068,2.031735,0.994736,1.035655,1.038343,0.000000,0.000000,0.000000,0.000000
12,6500,0.734452,0.717770,-0.016682,2.030499,0.997852,1.032185,1.033110,0.000000,0.000000,0.000000,0.000000
13,7000,0.723762,0.704924,-0.018838,2.023056,0.988821,1.033315,1.035154,0.000000,0.000000,0.000000,0.000000
14,7500,0.691309,0.689927,0.001383,2.022288,1.010479,1.010586,1.013031,0.000000,0.000000,0.000000,0.000000
15,8000,0.642517,0.641597,-0.000920,2.020241,1.008713,1.011171,1.011886,0.996724,44.926103,0.038896,0.061193
16,8500,0.665561,0.637339,-0.028223,2.016964,0.979294,1.038219,1.037121,0.000000,0.000000,0.000000,0.000000
17,9000,0.668030,0.645014,-0.023016,2.015950,0.984478,1.030729,1.032214,0.000000,0.000000,0.000000,0.000000
18,9500,0.650617,0.628075,-0.022542,2.016077,0.983116,1.032467,1.033454,0.000000,0.000000,0.000000,0.000000
19,10000,0.623788,0.608698,-0.015090,2.015944,0.992362,1.023274,1.023890,0.000000,0.000000,0.000000,0.000000
20,10500,0.638981,0.629508,-0.009474,2.015179,0.996442,1.019452,1.018022,0.997185,45.750890,0.031785,0.061113
21,11000,0.612020,0.594532,-0.017488,2.015176,0.989729,1.025606,1.025287,0.000000,0.000000,0.000000,0.000000
22,11500,0.600832,0.577883,-0.022949,2.014528,0.984710,1.030496,1.029141,0.000000,0.000000,0.000000,0.000000
23,12000,0.591103,0.575470,-0.015633,2.014151,0.991603,1.022111,1.022986,0.000000,0.000000,0.000000,0.000000
24,12500,0.589118,0.576611,-0.012507,2.012790,0.992285,1.019960,1.021050,0.000000,0.000000,0.000000,0.000000
25,13000,0.607582,0.590119,-0.017462,2.012511,0.987404,1.025206,1.025008,0.997188,46.779947,0.025478,0.061845
26,13500,0.597703,0.575879,-0.021824,2.010434,0.983268,1.027055,1.027277,0.000000,0.000000,0.000000,0.000000
27,14000,0.585083,0.556757,-0.028326,2.011215,0.976872,1.034504,1.034184,0.000000,0.000000,0.000000,0.000000
28,14500,0.607474,0.577057,-0.030417,2.009708,0.974132,1.035983,1.035168,0.000000,0.000000,0.000000,0.000000
29,15000,0.558671,0.530483,-0.028188,2.008873,0.976645,1.031832,1.032625,0.000000,0.000000,0.000000,0.000000
30,15500,0.581791,0.551051,-0.030740,2.009302,0.973509,1.036270,1.035317,0.997069,46.149288,0.024696,0.062490
31,16000,0.563442,0.534526,-0.028916,2.007774,0.974120,1.033731,1.033577,0.000000,0.000000,0.000000,0.000000
32,16500,0.563017,0.526676,-0.036341,2.007784,0.967002,1.040957,1.040606,0.000000,0.000000,0.000000,0.000000
33,17000,0.572720,0.537769,-0.034951,2.006752,0.968708,1.038309,1.037779,0.000000,0.000000,0.000000,0.000000
34,17500,0.546126,0.513270,-0.032856,2.005794,0.968928,1.036960,1.036773,0.000000,0.000000,0.000000,0.000000
35,18000,0.566239,0.532150,-0.034089,2.006350,0.968424,1.038613,1.037238,0.997525,46.575893,0.022357,0.062876
36,18500,0.546351,0.509308,-0.037043,2.004978,0.965220,1.039409,1.040108,0.000000,0.000000,0.000000,0.000000
37,19000,0.559713,0.522764,-0.036950,2.006147,0.965189,1.040832,1.041085,0.000000,0.000000,0.000000,0.000000
38,19500,0.556597,0.516625,-0.039972,2.004766,0.962782,1.042077,1.041891,0.000000,0.000000,0.000000,0.000000
39,20000,0.558673,0.521564,-0.037109,2.004031,0.965371,1.038669,1.038651,0.000000,0.000000,0.000000,0.000000
40,20500,0.553566,0.516509,-0.037057,2.003644,0.964047,1.039547,1.039645,0.997280,46.126745,0.023224,0.064011
41,21000,0.544904,0.509010,-0.035894,2.003510,0.966178,1.037203,1.037462,0.000000,0.000000,0.000000,0.000000
42,21500,0.557826,0.519132,-0.038694,2.003360,0.962802,1.040549,1.040568,0.000000,0.000000,0.000000,0.000000
43,22000,0.547004,0.506160,-0.040844,2.003276,0.960711,1.043009,1.042120,0.000000,0.000000,0.000000,0.000000
44,22500,0.547556,0.505391,-0.042165,2.002683,0.959099,1.043847,1.043322,0.000000,0.000000,0.000000,0.000000
42,21500,0.550597,0.511220,-0.039377,2.003039,0.961836,1.040834,1.041572,0.000000,0.000000,0.000000,0.000000
43,22000,0.555938,0.513552,-0.042386,2.002889,0.959843,1.042333,1.043758,0.000000,0.000000,0.000000,0.000000
44,22500,0.555974,0.512120,-0.043854,2.002802,0.958306,1.044545,1.044447,0.000000,0.000000,0.000000,0.000000
45,23000,0.553369,0.511762,-0.041607,2.002387,0.959788,1.042823,1.042375,0.997176,46.471023,0.021309,0.064298
46,23500,0.549235,0.505748,-0.043487,2.000059,0.955754,1.043673,1.044937,0.000000,0.000000,0.000000,0.000000
47,24000,0.628675,0.577634,-0.051041,2.000937,0.950067,1.050538,1.051201,0.000000,0.000000,0.000000,0.000000
48,24500,0.589542,0.530124,-0.059417,2.000944,0.941642,1.059322,1.059282,0.000000,0.000000,0.000000,0.000000
49,25000,0.560727,0.498395,-0.062332,2.000650,0.937400,1.063459,1.063039,0.000000,0.000000,0.000000,0.000000
50,25500,0.573572,0.505286,-0.068286,2.002008,0.932773,1.068878,1.069592,0.997679,46.287274,0.021193,0.062243
51,26000,0.580352,0.504682,-0.075670,1.998756,0.921740,1.076514,1.077518,0.000000,0.000000,0.000000,0.000000
52,26500,0.575954,0.492443,-0.083511,1.998309,0.915526,1.082565,1.083001,0.000000,0.000000,0.000000,0.000000
53,27000,0.594770,0.503250,-0.091521,1.998591,0.907702,1.090900,1.090878,0.000000,0.000000,0.000000,0.000000
54,27500,0.562709,0.472202,-0.090507,1.998897,0.907524,1.091538,1.091208,0.000000,0.000000,0.000000,0.000000
55,28000,0.594838,0.500518,-0.094320,1.999458,0.904569,1.094791,1.094988,0.997799,47.463188,0.021746,0.065172
56,28500,0.592643,0.494364,-0.098280,2.001825,0.902213,1.099154,1.100069,0.000000,0.000000,0.000000,0.000000
57,29000,0.607641,0.503498,-0.104143,2.001452,0.896600,1.104858,1.104847,0.000000,0.000000,0.000000,0.000000
58,29500,0.588011,0.481759,-0.106252,2.001884,0.894287,1.107474,1.107720,0.000000,0.000000,0.000000,0.000000
59,30000,0.607356,0.500494,-0.106861,2.001455,0.893563,1.107723,1.108060,0.000000,0.000000,0.000000,0.000000
60,30500,0.591221,0.481398,-0.109822,2.001245,0.890739,1.110669,1.110342,0.997707,46.866015,0.020064,0.066323
61,31000,0.615305,0.500875,-0.114430,2.000791,0.885797,1.114967,1.115020,0.000000,0.000000,0.000000,0.000000
62,31500,0.605017,0.487490,-0.117527,2.001464,0.883806,1.117574,1.117741,0.000000,0.000000,0.000000,0.000000
63,32000,0.602971,0.482784,-0.120188,2.001419,0.879809,1.121663,1.121557,0.000000,0.000000,0.000000,0.000000
64,32500,0.584589,0.460648,-0.123940,2.001312,0.876733,1.124602,1.124557,0.000000,0.000000,0.000000,0.000000
65,33000,0.601575,0.473561,-0.128014,2.000501,0.872673,1.127804,1.127851,0.997888,47.153444,0.019008,0.066715
66,33500,0.615712,0.483933,-0.131778,2.000794,0.869091,1.131742,1.131665,0.000000,0.000000,0.000000,0.000000
67,34000,0.630649,0.494968,-0.135681,2.001520,0.865397,1.136061,1.136186,0.000000,0.000000,0.000000,0.000000
68,34500,0.611835,0.473457,-0.138378,2.001597,0.862108,1.139167,1.139810,0.000000,0.000000,0.000000,0.000000
69,35000,0.611041,0.471435,-0.139605,2.001352,0.860777,1.140573,1.140577,0.000000,0.000000,0.000000,0.000000
70,35500,0.606571,0.463752,-0.142818,2.000479,0.857528,1.142629,1.143273,0.997647,48.542643,0.019010,0.067262
71,36000,0.622290,0.476967,-0.145322,1.999269,0.854084,1.145095,1.145275,0.000000,0.000000,0.000000,0.000000
72,36500,0.635458,0.485471,-0.149987,1.999553,0.849910,1.149948,1.149338,0.000000,0.000000,0.000000,0.000000
73,37000,0.635781,0.479168,-0.156613,1.999712,0.842990,1.156715,1.156731,0.000000,0.000000,0.000000,0.000000
74,37500,0.617781,0.460402,-0.157379,1.999374,0.841733,1.157831,1.157452,0.000000,0.000000,0.000000,0.000000
75,38000,0.618588,0.458159,-0.160430,1.999242,0.838728,1.160375,1.160655,0.997916,47.580768,0.018428,0.064993
76,38500,0.643903,0.479356,-0.164547,2.000187,0.835014,1.165130,1.165215,0.000000,0.000000,0.000000,0.000000
77,39000,0.640371,0.469777,-0.170594,1.999914,0.829324,1.170726,1.170454,0.000000,0.000000,0.000000,0.000000
78,39500,0.639414,0.464980,-0.174434,2.000054,0.825537,1.174469,1.174565,0.000000,0.000000,0.000000,0.000000
79,40000,0.652315,0.476069,-0.176246,1.999875,0.823399,1.176432,1.176521,0.000000,0.000000,0.000000,0.000000
80,40500,0.642811,0.462741,-0.180070,2.000278,0.819587,1.180794,1.180589,0.997956,48.242657,0.018241,0.066650
81,41000,0.662953,0.478842,-0.184111,1.998470,0.813975,1.184330,1.184660,0.000000,0.000000,0.000000,0.000000
82,41500,0.664698,0.478750,-0.185947,1.996707,0.812285,1.184229,1.184614,0.000000,0.000000,0.000000,0.000000
83,42000,0.650190,0.456307,-0.193883,1.997666,0.804101,1.193765,1.193365,0.000000,0.000000,0.000000,0.000000
84,42500,0.654349,0.460812,-0.193537,1.997338,0.803791,1.193805,1.193290,0.000000,0.000000,0.000000,0.000000
85,43000,0.660555,0.465031,-0.195523,1.996777,0.801450,1.195238,1.195417,0.997932,46.760898,0.018268,0.064107
86,43500,0.679672,0.479162,-0.200510,1.998873,0.797873,1.200967,1.201033,0.000000,0.000000,0.000000,0.000000
87,44000,0.670449,0.464170,-0.206279,1.997851,0.792376,1.205721,1.205228,0.000000,0.000000,0.000000,0.000000
88,44500,0.670022,0.460307,-0.209715,1.998711,0.788736,1.210402,1.209547,0.000000,0.000000,0.000000,0.000000
89,45000,0.675757,0.464899,-0.210857,1.998612,0.787472,1.211278,1.211002,0.000000,0.000000,0.000000,0.000000
90,45500,0.666374,0.452993,-0.213381,1.998726,0.784943,1.214080,1.213486,0.997886,48.044532,0.017380,0.065085
91,46000,0.672717,0.452717,-0.220000,2.001105,0.780044,1.220885,1.221237,0.000000,0.000000,0.000000,0.000000
92,46500,0.670525,0.447144,-0.223381,2.000111,0.777483,1.222671,1.222585,0.000000,0.000000,0.000000,0.000000
93,47000,0.685503,0.458675,-0.226828,2.000287,0.772410,1.227824,1.227931,0.000000,0.000000,0.000000,0.000000
94,47500,0.686781,0.456369,-0.230412,2.000825,0.769752,1.230791,1.231355,0.000000,0.000000,0.000000,0.000000
95,48000,0.681322,0.448990,-0.232332,2.000519,0.767649,1.232734,1.233006,0.997994,47.767449,0.017284,0.066023
96,48500,0.691377,0.456447,-0.234930,2.000199,0.765424,1.235007,1.234544,0.000000,0.000000,0.000000,0.000000
97,49000,0.701986,0.463207,-0.238779,1.999965,0.761844,1.238373,1.237870,0.000000,0.000000,0.000000,0.000000
98,49500,0.693703,0.450506,-0.243197,2.000320,0.756483,1.243745,1.243931,0.000000,0.000000,0.000000,0.000000
99,50000,0.697411,0.453532,-0.243879,2.000312,0.755974,1.244441,1.244236,0.000000,0.000000,0.000000,0.000000
100,50500,0.695621,0.449762,-0.245859,2.000804,0.754016,1.246960,1.246616,0.997998,49.023578,0.017267,0.067943
101,51000,0.696633,0.449290,-0.247344,2.001454,0.752975,1.248322,1.248635,0.000000,0.000000,0.000000,0.000000
102,51500,0.694002,0.441309,-0.252693,2.000306,0.747558,1.252586,1.252909,0.000000,0.000000,0.000000,0.000000
103,52000,0.714491,0.459860,-0.254631,2.000506,0.746057,1.254444,1.254454,0.000000,0.000000,0.000000,0.000000
104,52500,0.707820,0.449668,-0.258152,2.000701,0.741738,1.259153,1.258774,0.000000,0.000000,0.000000,0.000000
105,53000,0.704482,0.441107,-0.263375,2.001098,0.736844,1.264436,1.264073,0.997971,48.709216,0.017560,0.066832
106,53500,0.711392,0.443720,-0.267672,2.000067,0.732378,1.267672,1.267706,0.000000,0.000000,0.000000,0.000000
107,54000,0.733233,0.461403,-0.271830,2.000215,0.728132,1.272240,1.271926,0.000000,0.000000,0.000000,0.000000
108,54500,0.733852,0.458680,-0.275172,2.001830,0.725096,1.276627,1.276841,0.000000,0.000000,0.000000,0.000000
109,55000,0.722763,0.445181,-0.277582,2.001769,0.722857,1.279160,1.278663,0.000000,0.000000,0.000000,0.000000
110,55500,0.735487,0.453870,-0.281617,2.000342,0.718995,1.281350,1.281344,0.997978,48.835214,0.017191,0.067489
111,56000,0.752671,0.465054,-0.287617,1.999584,0.712477,1.286895,1.287319,0.000000,0.000000,0.000000,0.000000
112,56500,0.741580,0.451490,-0.290090,2.001047,0.710086,1.291232,1.290690,0.000000,0.000000,0.000000,0.000000
113,57000,0.747589,0.453996,-0.293594,2.001611,0.706744,1.294852,1.294881,0.000000,0.000000,0.000000,0.000000
114,57500,0.742320,0.444605,-0.297715,2.000380,0.702535,1.297742,1.297948,0.000000,0.000000,0.000000,0.000000
115,58000,0.745005,0.443646,-0.301359,2.000150,0.698890,1.301101,1.301418,0.997933,50.472123,0.016302,0.068209
116,58500,0.757432,0.449580,-0.307852,2.001781,0.692644,1.308955,1.309317,0.000000,0.000000,0.000000,0.000000
117,59000,0.748150,0.436552,-0.311598,2.001216,0.688867,1.312178,1.312520,0.000000,0.000000,0.000000,0.000000
118,59500,0.750680,0.435509,-0.315172,1.999988,0.684814,1.315007,1.315341,0.000000,0.000000,0.000000,0.000000
119,60000,0.761546,0.441265,-0.320281,2.000583,0.680166,1.320410,1.320425,0.000000,0.000000,0.000000,0.000000
120,60500,0.778225,0.455647,-0.322578,2.000790,0.677731,1.323327,1.322792,0.997913,47.593134,0.016892,0.065150
121,61000,0.771047,0.445578,-0.325469,2.001908,0.674605,1.327366,1.327241,0.000000,0.000000,0.000000,0.000000
122,61500,0.770146,0.443505,-0.326641,2.001269,0.673636,1.327648,1.327619,0.000000,0.000000,0.000000,0.000000
123,62000,0.770107,0.439611,-0.330496,2.000253,0.670319,1.329825,1.330044,0.000000,0.000000,0.000000,0.000000
124,62500,0.783586,0.449933,-0.333652,2.000221,0.666567,1.333732,1.333574,0.000000,0.000000,0.000000,0.000000
125,63000,0.791374,0.455264,-0.336109,2.001019,0.664000,1.336813,1.337224,0.998019,49.107713,0.017135,0.067783
126,63500,0.777204,0.437223,-0.339980,2.002146,0.660379,1.341657,1.341878,0.000000,0.000000,0.000000,0.000000
127,64000,0.782865,0.441498,-0.341367,2.001768,0.658572,1.343145,1.343247,0.000000,0.000000,0.000000,0.000000
128,64500,0.795165,0.451107,-0.344059,2.000348,0.656152,1.344077,1.344316,0.000000,0.000000,0.000000,0.000000
129,65000,0.792866,0.445815,-0.347051,1.999949,0.653191,1.346946,1.346570,0.000000,0.000000,0.000000,0.000000
130,65500,0.788689,0.436384,-0.352305,2.000544,0.648244,1.352203,1.352397,0.997923,49.991099,0.016902,0.068783
131,66000,0.796108,0.439612,-0.356496,2.001647,0.643718,1.357962,1.357895,0.000000,0.000000,0.000000,0.000000
132,66500,0.800048,0.440876,-0.359172,2.000705,0.641076,1.359467,1.359791,0.000000,0.000000,0.000000,0.000000
133,67000,0.801754,0.438082,-0.363672,1.999813,0.636917,1.362781,1.363010,0.000000,0.000000,0.000000,0.000000
134,67500,0.800811,0.430459,-0.370352,2.001103,0.630203,1.371023,1.370776,0.000000,0.000000,0.000000,0.000000
135,68000,0.815694,0.440948,-0.374746,2.000514,0.625416,1.375102,1.375093,0.998037,48.684506,0.016742,0.067243
136,68500,0.816742,0.438652,-0.378090,1.999316,0.621777,1.377444,1.377635,0.000000,0.000000,0.000000,0.000000
137,69000,0.837128,0.458022,-0.379105,1.998509,0.620685,1.377900,1.377747,0.000000,0.000000,0.000000,0.000000
138,69500,0.818610,0.430485,-0.388125,1.999858,0.611326,1.388687,1.388376,0.000000,0.000000,0.000000,0.000000
139,70000,0.824535,0.432324,-0.392211,1.998846,0.606583,1.392557,1.391969,0.000000,0.000000,0.000000,0.000000
140,70500,0.826776,0.431401,-0.395375,1.998117,0.603368,1.394891,1.394606,0.997988,49.316230,0.017994,0.067978
141,71000,0.828695,0.430656,-0.398039,1.999096,0.600790,1.398265,1.398348,0.000000,0.000000,0.000000,0.000000
142,71500,0.853276,0.450104,-0.403172,1.999007,0.596248,1.402845,1.402673,0.000000,0.000000,0.000000,0.000000
143,72000,0.832808,0.424382,-0.408426,1.999238,0.590831,1.408425,1.408388,0.000000,0.000000,0.000000,0.000000
144,72500,0.859549,0.445920,-0.413629,1.998657,0.585203,1.413534,1.413374,0.000000,0.000000,0.000000,0.000000
145,73000,0.848273,0.430535,-0.417738,2.000016,0.581393,1.418907,1.418339,0.998033,49.925294,0.017356,0.068381
146,73500,0.856405,0.434436,-0.421969,1.999979,0.577340,1.422522,1.422757,0.000000,0.000000,0.000000,0.000000
147,74000,0.855408,0.428830,-0.426578,1.999324,0.573885,1.425336,1.425542,0.000000,0.000000,0.000000,0.000000
148,74500,0.871475,0.441210,-0.430266,1.999805,0.569064,1.430908,1.430574,0.000000,0.000000,0.000000,0.000000
149,75000,0.870060,0.434884,-0.435176,2.000541,0.564560,1.435753,1.436211,0.000000,0.000000,0.000000,0.000000
150,75500,0.861178,0.424342,-0.436836,1.999958,0.562850,1.437180,1.437034,0.998080,48.908942,0.016300,0.066828
151,76000,0.874603,0.433349,-0.441254,1.999637,0.558940,1.440877,1.440518,0.000000,0.000000,0.000000,0.000000
152,76500,0.884966,0.438685,-0.446281,1.999389,0.553926,1.445507,1.445419,0.000000,0.000000,0.000000,0.000000
153,77000,0.886173,0.433771,-0.452402,1.999824,0.547187,1.452672,1.452603,0.000000,0.000000,0.000000,0.000000
154,77500,0.885035,0.430941,-0.454094,2.000042,0.545805,1.454062,1.454413,0.000000,0.000000,0.000000,0.000000
155,78000,0.882639,0.425710,-0.456930,1.999480,0.542721,1.456676,1.456843,0.998045,50.450685,0.016666,0.068763
156,78500,0.881775,0.421880,-0.459895,1.998780,0.539615,1.459246,1.459086,0.000000,0.000000,0.000000,0.000000
157,79000,0.914894,0.449460,-0.465434,2.000589,0.534478,1.465846,1.466376,0.000000,0.000000,0.000000,0.000000
158,79500,0.894462,0.425513,-0.468949,2.000373,0.531337,1.469122,1.468950,0.000000,0.000000,0.000000,0.000000
159,80000,0.897546,0.424519,-0.473027,1.999713,0.526574,1.473133,1.473144,0.000000,0.000000,0.000000,0.000000
160,80500,0.896900,0.418107,-0.478793,1.999940,0.520888,1.478966,1.479139,0.998007,51.192330,0.016927,0.068410
161,81000,0.914298,0.431165,-0.483133,2.000551,0.516415,1.483865,1.484405,0.000000,0.000000,0.000000,0.000000
162,81500,0.923970,0.434466,-0.489504,1.999769,0.510196,1.489717,1.489429,0.000000,0.000000,0.000000,0.000000
163,82000,0.924184,0.427512,-0.496672,2.000951,0.503025,1.497895,1.497956,0.000000,0.000000,0.000000,0.000000
164,82500,0.928661,0.432345,-0.496316,2.000798,0.503590,1.497395,1.497022,0.000000,0.000000,0.000000,0.000000
165,83000,0.914267,0.414267,-0.500000,1.999655,0.499760,1.499909,1.499882,0.998080,50.502634,0.016320,0.068400
166,83500,0.929098,0.428028,-0.501070,1.999821,0.498537,1.501280,1.501288,0.000000,0.000000,0.000000,0.000000
167,84000,0.949993,0.448497,-0.501496,1.999613,0.498233,1.501381,1.501379,0.000000,0.000000,0.000000,0.000000
168,84500,0.921473,0.420996,-0.500477,1.999881,0.499308,1.500501,1.500644,0.000000,0.000000,0.000000,0.000000
169,85000,0.921854,0.419424,-0.502430,1.999352,0.497152,1.502124,1.502276,0.000000,0.000000,0.000000,0.000000
170,85500,0.925945,0.425020,-0.500926,1.999684,0.498720,1.500879,1.501050,0.998100,50.775081,0.016239,0.068459
171,86000,0.953792,0.450284,-0.503508,1.999616,0.496454,1.503069,1.503256,0.000000,0.000000,0.000000,0.000000
172,86500,0.926829,0.423134,-0.503695,1.999382,0.496180,1.503213,1.503192,0.000000,0.000000,0.000000,0.000000
173,87000,0.930922,0.428540,-0.502383,1.999448,0.497056,1.502167,1.502616,0.000000,0.000000,0.000000,0.000000
174,87500,0.925014,0.421459,-0.503555,1.999465,0.496092,1.503280,1.503468,0.000000,0.000000,0.000000,0.000000
175,88000,0.947148,0.443316,-0.503832,1.999027,0.496096,1.503296,1.502566,0.997908,48.723186,0.017217,0.066368
176,88500,0.927899,0.423133,-0.504766,2.000028,0.495126,1.504842,1.504962,0.000000,0.000000,0.000000,0.000000
177,89000,0.933295,0.428037,-0.505258,1.999273,0.494804,1.504765,1.504171,0.000000,0.000000,0.000000,0.000000
178,89500,0.940023,0.437082,-0.502941,1.999415,0.497455,1.501829,1.502090,0.000000,0.000000,0.000000,0.000000
179,90000,0.938244,0.434497,-0.503746,1.999007,0.496040,1.502765,1.503171,0.000000,0.000000,0.000000,0.000000
180,90500,0.933308,0.430234,-0.503074,1.999384,0.496720,1.502367,1.502961,0.998108,51.131869,0.016089,0.069313
181,91000,0.933301,0.428145,-0.505156,1.998197,0.494937,1.503160,1.503359,0.000000,0.000000,0.000000,0.000000
182,91500,0.931778,0.427340,-0.504437,1.998369,0.495289,1.502961,1.503199,0.000000,0.000000,0.000000,0.000000
183,92000,0.927446,0.423453,-0.503992,1.999137,0.495925,1.503208,1.503215,0.000000,0.000000,0.000000,0.000000
184,92500,0.931467,0.425182,-0.506285,1.999342,0.493494,1.505899,1.505796,0.000000,0.000000,0.000000,0.000000
185,93000,0.944528,0.439766,-0.504762,1.999428,0.495068,1.504361,1.504358,0.998122,50.279655,0.015836,0.067589
186,93500,0.918801,0.415875,-0.502926,1.999281,0.496696,1.502574,1.502597,0.000000,0.000000,0.000000,0.000000
187,94000,0.929546,0.425741,-0.503805,1.999001,0.495949,1.502985,1.503118,0.000000,0.000000,0.000000,0.000000
188,94500,0.918239,0.415911,-0.502328,1.999206,0.497607,1.501592,1.501607,0.000000,0.000000,0.000000,0.000000
189,95000,0.929366,0.425229,-0.504137,1.999002,0.495996,1.503132,1.502880,0.000000,0.000000,0.000000,0.000000
190,95500,0.940291,0.435409,-0.504883,1.999599,0.495128,1.504413,1.504528,0.998080,50.405393,0.016667,0.067577
191,96000,0.920579,0.415153,-0.505426,1.999922,0.494597,1.504898,1.505753,0.000000,0.000000,0.000000,0.000000
192,96500,0.944381,0.439620,-0.504762,1.999693,0.495194,1.504550,1.504449,0.000000,0.000000,0.000000,0.000000
193,97000,0.919669,0.413583,-0.506086,2.000456,0.494538,1.505805,1.506030,0.000000,0.000000,0.000000,0.000000
194,97500,0.914629,0.408097,-0.506531,2.000753,0.493567,1.507134,1.507237,0.000000,0.000000,0.000000,0.000000
195,98000,0.961887,0.456043,-0.505844,2.000453,0.494579,1.505857,1.505891,0.998067,50.345539,0.016462,0.067319
196,98500,0.923709,0.418198,-0.505512,1.999696,0.494518,1.505270,1.505087,0.000000,0.000000,0.000000,0.000000
197,99000,0.937212,0.429883,-0.507328,2.000665,0.492906,1.507669,1.507848,0.000000,0.000000,0.000000,0.000000
198,99500,0.933055,0.425961,-0.507094,2.001036,0.493100,1.508081,1.507792,0.000000,0.000000,0.000000,0.000000
199,100000,0.928224,0.421095,-0.507129,2.000672,0.492856,1.507961,1.507670,0.000000,0.000000,0.000000,0.000000
200,100500,0.925305,0.417071,-0.508234,2.000566,0.491731,1.508800,1.508869,0.998094,51.192820,0.015435,0.067460
201,101000,0.929198,0.420765,-0.508434,2.000835,0.491915,1.508850,1.508990,0.000000,0.000000,0.000000,0.000000
202,101500,0.942812,0.434694,-0.508117,2.000934,0.492093,1.508900,1.508782,0.000000,0.000000,0.000000,0.000000
203,102000,0.925530,0.417616,-0.507914,2.000849,0.492268,1.508485,1.508677,0.000000,0.000000,0.000000,0.000000
204,102500,0.930987,0.424198,-0.506789,2.000891,0.493210,1.507754,1.507607,0.000000,0.000000,0.000000,0.000000
205,103000,0.921303,0.414150,-0.507152,2.000755,0.492948,1.507996,1.507618,0.998117,50.029937,0.015342,0.067296
206,103500,0.927855,0.420656,-0.507199,2.000600,0.492947,1.507724,1.507583,0.000000,0.000000,0.000000,0.000000
207,104000,0.916958,0.409661,-0.507297,2.001099,0.492934,1.508133,1.508197,0.000000,0.000000,0.000000,0.000000
208,104500,0.934125,0.426899,-0.507227,2.001291,0.493021,1.508159,1.508380,0.000000,0.000000,0.000000,0.000000
209,105000,0.933410,0.424730,-0.508680,2.001780,0.491152,1.510577,1.510679,0.000000,0.000000,0.000000,0.000000
210,105500,0.913042,0.404424,-0.508617,2.001382,0.491627,1.509721,1.509789,0.998120,50.720624,0.015955,0.068518
211,106000,0.938766,0.430102,-0.508664,2.000790,0.491414,1.509377,1.509374,0.000000,0.000000,0.000000,0.000000
212,106500,0.946289,0.437840,-0.508449,2.001300,0.492036,1.509236,1.509293,0.000000,0.000000,0.000000,0.000000
213,107000,0.925747,0.416950,-0.508797,2.001701,0.491463,1.510076,1.510400,0.000000,0.000000,0.000000,0.000000
214,107500,0.937211,0.427984,-0.509227,2.002848,0.490991,1.512118,1.511596,0.000000,0.000000,0.000000,0.000000
215,108000,0.942434,0.432583,-0.509852,2.003111,0.490341,1.512428,1.513113,0.998070,49.893015,0.016369,0.067468
216,108500,0.919074,0.409754,-0.509320,2.002758,0.490883,1.511733,1.512018,0.000000,0.000000,0.000000,0.000000
217,109000,0.933334,0.422100,-0.511234,2.002220,0.488889,1.513239,1.513423,0.000000,0.000000,0.000000,0.000000
218,109500,0.945428,0.433420,-0.512008,2.001943,0.488077,1.513873,1.513860,0.000000,0.000000,0.000000,0.000000
219,110000,0.937338,0.424901,-0.512437,2.001292,0.487751,1.513618,1.513464,0.000000,0.000000,0.000000,0.000000
220,110500,0.923644,0.413542,-0.510102,2.001186,0.489952,1.511321,1.511147,0.998162,50.529371,0.016027,0.067748
221,111000,0.933718,0.424061,-0.509656,2.001836,0.490251,1.511428,1.511743,0.000000,0.000000,0.000000,0.000000
222,111500,0.926203,0.415758,-0.510445,2.002929,0.489907,1.512968,1.513076,0.000000,0.000000,0.000000,0.000000
223,112000,0.926993,0.417055,-0.509938,2.002062,0.489866,1.512359,1.512032,0.000000,0.000000,0.000000,0.000000
224,112500,0.930127,0.419033,-0.511094,2.002993,0.488948,1.514019,1.514071,0.000000,0.000000,0.000000,0.000000
225,113000,0.926627,0.415002,-0.511625,2.003008,0.488416,1.514503,1.514680,0.998145,48.943624,0.015249,0.067671
226,113500,0.931660,0.420285,-0.511375,2.003076,0.488586,1.514527,1.514453,0.000000,0.000000,0.000000,0.000000
227,114000,0.925366,0.412999,-0.512367,2.002906,0.488026,1.514773,1.514988,0.000000,0.000000,0.000000,0.000000
228,114500,0.923925,0.411300,-0.512625,2.002709,0.487682,1.515055,1.514999,0.000000,0.000000,0.000000,0.000000
229,115000,0.921058,0.407777,-0.513281,2.001893,0.486717,1.515128,1.515224,0.000000,0.000000,0.000000,0.000000
230,115500,0.935777,0.422191,-0.513586,2.001792,0.486506,1.515335,1.515238,0.998032,49.539157,0.016279,0.066148
231,116000,0.936444,0.422975,-0.513469,2.001808,0.486809,1.514971,1.515028,0.000000,0.000000,0.000000,0.000000
232,116500,0.943635,0.429073,-0.514563,2.001270,0.485642,1.515687,1.515569,0.000000,0.000000,0.000000,0.000000
233,117000,0.936848,0.422965,-0.513883,2.001801,0.486362,1.515448,1.515429,0.000000,0.000000,0.000000,0.000000
234,117500,0.951817,0.438981,-0.512836,2.002848,0.487573,1.515294,1.515254,0.000000,0.000000,0.000000,0.000000
235,118000,0.915878,0.402932,-0.512945,2.002796,0.487340,1.515401,1.515511,0.998125,51.267430,0.015181,0.069162
236,118500,0.937953,0.424781,-0.513172,2.002398,0.486838,1.515606,1.515516,0.000000,0.000000,0.000000,0.000000
237,119000,0.934996,0.420175,-0.514820,2.000998,0.485308,1.515706,1.515674,0.000000,0.000000,0.000000,0.000000
238,119500,0.928862,0.412643,-0.516219,1.999754,0.484016,1.515684,1.515792,0.000000,0.000000,0.000000,0.000000
239,120000,0.929371,0.413371,-0.516000,2.000246,0.484377,1.515929,1.515808,0.000000,0.000000,0.000000,0.000000
240,120500,0.932958,0.417755,-0.515203,2.000320,0.484577,1.515772,1.515714,0.998025,50.683744,0.015932,0.068661
241,121000,0.922014,0.406811,-0.515203,2.000118,0.484700,1.515369,1.515468,0.000000,0.000000,0.000000,0.000000
242,121500,0.930213,0.413635,-0.516578,1.999408,0.483591,1.515840,1.515794,0.000000,0.000000,0.000000,0.000000
243,122000,0.935089,0.419207,-0.515883,2.000232,0.484459,1.515820,1.515727,0.000000,0.000000,0.000000,0.000000
244,122500,0.934949,0.419058,-0.515891,1.999992,0.484066,1.515900,1.515952,0.000000,0.000000,0.000000,0.000000
245,123000,0.920184,0.404355,-0.515828,1.999859,0.484103,1.515745,1.515768,0.998096,50.211752,0.015829,0.068665
246,123500,0.925121,0.409035,-0.516086,1.999752,0.483906,1.515793,1.515900,0.000000,0.000000,0.000000,0.000000
247,124000,0.942034,0.429018,-0.513016,2.002352,0.487252,1.515185,1.515015,0.000000,0.000000,0.000000,0.000000
248,124500,0.928083,0.415560,-0.512523,2.002480,0.487646,1.514836,1.514834,0.000000,0.000000,0.000000,0.000000
249,125000,0.936243,0.423501,-0.512742,2.002328,0.487387,1.514929,1.514952,0.000000,0.000000,0.000000,0.000000
250,125500,0.918458,0.404661,-0.513797,2.002231,0.486650,1.515571,1.515591,0.998097,51.396815,0.016138,0.068479
251,126000,0.957859,0.443648,-0.514211,2.001580,0.486053,1.515534,1.515521,0.000000,0.000000,0.000000,0.000000
252,126500,0.939991,0.425593,-0.514398,2.001121,0.485660,1.515438,1.515484,0.000000,0.000000,0.000000,0.000000
253,127000,0.923493,0.409399,-0.514094,2.001481,0.485905,1.515523,1.515630,0.000000,0.000000,0.000000,0.000000
254,127500,0.924356,0.410364,-0.513992,2.001822,0.486283,1.515555,1.515525,0.000000,0.000000,0.000000,0.000000
255,128000,0.927447,0.412986,-0.514461,2.001412,0.485778,1.515547,1.515722,0.998146,51.076894,0.015572,0.068260
256,128500,0.938620,0.424776,-0.513844,2.001730,0.486220,1.515450,1.515569,0.000000,0.000000,0.000000,0.000000
257,129000,0.942857,0.428224,-0.514633,2.001287,0.485597,1.515718,1.515662,0.000000,0.000000,0.000000,0.000000
258,129500,0.925478,0.410791,-0.514687,2.001192,0.485554,1.515632,1.515645,0.000000,0.000000,0.000000,0.000000
259,130000,0.938250,0.424391,-0.513859,2.002020,0.486408,1.515602,1.515624,0.000000,0.000000,0.000000,0.000000
260,130500,0.929063,0.416778,-0.512285,2.002008,0.487753,1.514314,1.514196,0.998134,51.539099,0.016237,0.068879
261,131000,0.911288,0.399452,-0.511836,2.002339,0.488413,1.513805,1.514049,0.000000,0.000000,0.000000,0.000000
262,131500,0.923721,0.410721,-0.513000,2.002478,0.487127,1.515325,1.515378,0.000000,0.000000,0.000000,0.000000
263,132000,0.932003,0.418487,-0.513516,2.001975,0.486612,1.515464,1.515261,0.000000,0.000000,0.000000,0.000000
264,132500,0.919709,0.404170,-0.515539,2.000109,0.484376,1.515753,1.515715,0.000000,0.000000,0.000000,0.000000
265,133000,0.928874,0.412812,-0.516062,1.999833,0.484050,1.515799,1.515767,0.998165,51.593738,0.015638,0.068598
266,133500,0.932885,0.416908,-0.515977,1.999863,0.484142,1.515730,1.515711,0.000000,0.000000,0.000000,0.000000
267,134000,0.921855,0.405433,-0.516422,1.999374,0.483521,1.515879,1.515827,0.000000,0.000000,0.000000,0.000000
268,134500,0.939494,0.422837,-0.516656,1.999079,0.483182,1.515994,1.515800,0.000000,0.000000,0.000000,0.000000
269,135000,0.921245,0.404932,-0.516312,1.999622,0.483878,1.515734,1.515754,0.000000,0.000000,0.000000,0.000000
270,135500,0.926513,0.410778,-0.515734,1.999992,0.484304,1.515721,1.515656,0.998165,50.321771,0.015753,0.066753
271,136000,0.921989,0.404817,-0.517172,1.998654,0.482885,1.515731,1.515807,0.000000,0.000000,0.000000,0.000000
272,136500,0.925505,0.408450,-0.517055,1.998669,0.482914,1.515729,1.515781,0.000000,0.000000,0.000000,0.000000
273,137000,0.931713,0.411736,-0.519977,1.997090,0.480115,1.517050,1.516901,0.000000,0.000000,0.000000,0.000000
274,137500,0.942297,0.423992,-0.518305,1.998314,0.481767,1.516460,1.516634,0.000000,0.000000,0.000000,0.000000
275,138000,0.939601,0.421664,-0.517938,1.998150,0.482218,1.515939,1.515924,0.998121,50.788708,0.016665,0.067908
276,138500,0.931478,0.412658,-0.518820,1.997438,0.481335,1.516112,1.516095,0.000000,0.000000,0.000000,0.000000
277,139000,0.924080,0.406009,-0.518070,1.997904,0.482040,1.515904,1.515823,0.000000,0.000000,0.000000,0.000000
278,139500,0.919557,0.401534,-0.518023,1.998195,0.481961,1.516331,1.516136,0.000000,0.000000,0.000000,0.000000
279,140000,0.950759,0.432165,-0.518594,1.997939,0.481474,1.516532,1.516397,0.000000,0.000000,0.000000,0.000000
280,140500,0.934185,0.415333,-0.518852,1.997982,0.481177,1.516773,1.516838,0.998158,51.936214,0.015855,0.069158
281,141000,0.935897,0.416373,-0.519523,1.997139,0.480459,1.516658,1.516702,0.000000,0.000000,0.000000,0.000000
282,141500,0.934225,0.414827,-0.519398,1.997345,0.480863,1.516508,1.516456,0.000000,0.000000,0.000000,0.000000
283,142000,0.934819,0.415374,-0.519445,1.997279,0.480732,1.516575,1.516519,0.000000,0.000000,0.000000,0.000000
284,142500,0.923695,0.404781,-0.518914,1.997869,0.481026,1.516755,1.516931,0.000000,0.000000,0.000000,0.000000
285,143000,0.931839,0.410605,-0.521234,1.997010,0.478930,1.517990,1.518168,0.998144,51.341007,0.015636,0.068667
286,143500,0.926894,0.406144,-0.520750,1.996619,0.479576,1.517306,1.516781,0.000000,0.000000,0.000000,0.000000
287,144000,0.936851,0.415780,-0.521070,1.996712,0.479047,1.517546,1.517783,0.000000,0.000000,0.000000,0.000000
288,144500,0.958323,0.436682,-0.521641,1.997021,0.478541,1.518402,1.518558,0.000000,0.000000,0.000000,0.000000
289,145000,0.926944,0.402803,-0.524141,2.000487,0.476103,1.524367,1.524401,0.000000,0.000000,0.000000,0.000000
290,145500,0.926070,0.403468,-0.522602,1.998166,0.477580,1.520707,1.520464,0.998128,50.737993,0.016416,0.068447
291,146000,0.943224,0.420239,-0.522984,1.998992,0.477491,1.521704,1.521297,0.000000,0.000000,0.000000,0.000000
292,146500,0.933112,0.410190,-0.522922,1.998002,0.476979,1.521000,1.521047,0.000000,0.000000,0.000000,0.000000
293,147000,0.933850,0.409811,-0.524039,1.999314,0.476132,1.523098,1.523266,0.000000,0.000000,0.000000,0.000000
294,147500,0.923870,0.398237,-0.525633,1.999961,0.474561,1.525547,1.525252,0.000000,0.000000,0.000000,0.000000
295,148000,0.952294,0.422052,-0.530242,2.000010,0.469981,1.530052,1.530005,0.998130,49.905109,0.015717,0.066666
296,148500,0.937842,0.405615,-0.532227,1.999048,0.467626,1.531424,1.531419,0.000000,0.000000,0.000000,0.000000
297,149000,0.939620,0.407424,-0.532195,1.998849,0.467510,1.531355,1.531322,0.000000,0.000000,0.000000,0.000000
298,149500,0.937342,0.406310,-0.531031,2.000195,0.468783,1.531409,1.531415,0.000000,0.000000,0.000000,0.000000
299,150000,0.933842,0.403443,-0.530398,2.000911,0.469637,1.531257,1.531290,0.000000,0.000000,0.000000,0.000000
300,150500,0.929825,0.397232,-0.532594,1.999471,0.467729,1.531857,1.531627,0.998175,51.292300,0.015423,0.068130
301,151000,0.951957,0.414738,-0.537219,1.998884,0.462935,1.536048,1.535850,0.000000,0.000000,0.000000,0.000000
302,151500,0.955765,0.413804,-0.541961,2.002713,0.458091,1.544480,1.544765,0.000000,0.000000,0.000000,0.000000
303,152000,0.966627,0.423783,-0.542844,2.003404,0.457256,1.546112,1.546184,0.000000,0.000000,0.000000,0.000000
304,152500,0.945514,0.403381,-0.542133,2.003681,0.458202,1.545647,1.545310,0.000000,0.000000,0.000000,0.000000
305,153000,0.972927,0.431013,-0.541914,2.004553,0.458127,1.546398,1.546453,0.998137,51.029405,0.015580,0.068655
306,153500,0.944360,0.402016,-0.542344,2.003499,0.457758,1.545702,1.545782,0.000000,0.000000,0.000000,0.000000
307,154000,0.949190,0.404846,-0.544344,2.002617,0.455878,1.546704,1.546774,0.000000,0.000000,0.000000,0.000000
308,154500,0.954036,0.407989,-0.546047,2.001149,0.454216,1.546942,1.546923,0.000000,0.000000,0.000000,0.000000
309,155000,0.945143,0.399221,-0.545922,2.001042,0.454211,1.546837,1.546825,0.000000,0.000000,0.000000,0.000000
310,155500,0.961511,0.415057,-0.546453,2.000419,0.453582,1.546812,1.546864,0.998165,50.493930,0.015526,0.067725
311,156000,0.953676,0.404144,-0.549531,1.999308,0.450508,1.548746,1.548854,0.000000,0.000000,0.000000,0.000000
312,156500,0.971894,0.418175,-0.553719,2.000698,0.446288,1.554388,1.554431,0.000000,0.000000,0.000000,0.000000
313,157000,0.952142,0.396376,-0.555766,2.001981,0.444310,1.557517,1.557825,0.000000,0.000000,0.000000,0.000000
314,157500,0.977549,0.420736,-0.556813,2.003251,0.443054,1.560227,1.560167,0.000000,0.000000,0.000000,0.000000
315,158000,0.966866,0.408741,-0.558125,2.003219,0.442023,1.561181,1.561210,0.998211,51.128362,0.015309,0.068266
316,158500,0.963845,0.405985,-0.557859,2.003952,0.442167,1.561830,1.561740,0.000000,0.000000,0.000000,0.000000
317,159000,0.951643,0.393347,-0.558297,2.004021,0.442073,1.561836,1.562061,0.000000,0.000000,0.000000,0.000000
318,159500,0.961476,0.401022,-0.560453,2.002050,0.439697,1.562351,1.562355,0.000000,0.000000,0.000000,0.000000
319,160000,0.963108,0.401014,-0.562094,2.000405,0.437886,1.562517,1.562522,0.000000,0.000000,0.000000,0.000000
320,160500,0.972005,0.407904,-0.564102,1.998720,0.436066,1.562650,1.562659,0.998183,51.596950,0.015441,0.068558
321,161000,0.965708,0.399864,-0.565844,1.996961,0.434147,1.562775,1.562853,0.000000,0.000000,0.000000,0.000000
322,161500,0.974771,0.407106,-0.567664,1.997332,0.432405,1.564834,1.565020,0.000000,0.000000,0.000000,0.000000
323,162000,0.977180,0.408930,-0.568250,1.997874,0.431780,1.566462,1.565726,0.000000,0.000000,0.000000,0.000000
324,162500,0.964926,0.397442,-0.567484,1.999257,0.432715,1.566701,1.566384,0.000000,0.000000,0.000000,0.000000
325,163000,0.967186,0.398116,-0.569070,1.998574,0.431090,1.567344,1.567625,0.998202,51.020551,0.015168,0.068821
326,163500,0.979688,0.409242,-0.570445,1.999031,0.429826,1.569370,1.569041,0.000000,0.000000,0.000000,0.000000
327,164000,0.960354,0.389151,-0.571203,2.000181,0.428732,1.571479,1.571419,0.000000,0.000000,0.000000,0.000000
328,164500,0.971870,0.398667,-0.573203,2.001397,0.426857,1.574462,1.574619,0.000000,0.000000,0.000000,0.000000
329,165000,0.975152,0.399785,-0.575367,2.002475,0.424620,1.577945,1.577765,0.000000,0.000000,0.000000,0.000000
330,165500,0.987057,0.408135,-0.578922,1.999284,0.421014,1.578224,1.578316,0.998170,51.589038,0.015401,0.068035
331,166000,0.977178,0.396928,-0.580250,1.998223,0.419877,1.578346,1.578345,0.000000,0.000000,0.000000,0.000000
332,166500,0.980358,0.399420,-0.580937,1.997187,0.418782,1.578505,1.578305,0.000000,0.000000,0.000000,0.000000
333,167000,0.988645,0.406020,-0.582625,1.996729,0.417200,1.579686,1.579373,0.000000,0.000000,0.000000,0.000000
334,167500,0.984821,0.402009,-0.582812,1.996497,0.417193,1.579263,1.579345,0.000000,0.000000,0.000000,0.000000
335,168000,0.984163,0.400382,-0.583781,1.997240,0.416432,1.580822,1.580793,0.998181,52.149846,0.016001,0.069414
336,168500,0.988918,0.402934,-0.585984,1.999410,0.414141,1.585224,1.585313,0.000000,0.000000,0.000000,0.000000
337,169000,0.983866,0.398366,-0.585500,2.000027,0.414667,1.585467,1.585253,0.000000,0.000000,0.000000,0.000000
338,169500,0.983457,0.397309,-0.586148,1.999874,0.414009,1.585892,1.585837,0.000000,0.000000,0.000000,0.000000
339,170000,0.995103,0.409244,-0.585859,2.000107,0.414277,1.585850,1.585810,0.000000,0.000000,0.000000,0.000000
340,170500,0.990697,0.403993,-0.586703,1.999745,0.413413,1.586434,1.586231,0.998175,51.393716,0.015469,0.068366
341,171000,0.979046,0.392445,-0.586602,2.000104,0.413345,1.586671,1.586846,0.000000,0.000000,0.000000,0.000000
342,171500,0.986621,0.397832,-0.588789,2.001193,0.411199,1.590087,1.589900,0.000000,0.000000,0.000000,0.000000
343,172000,0.990007,0.397976,-0.592031,2.001969,0.408313,1.593655,1.593656,0.000000,0.000000,0.000000,0.000000
344,172500,0.990843,0.397577,-0.593266,2.000673,0.406852,1.593831,1.593810,0.000000,0.000000,0.000000,0.000000
345,173000,0.990809,0.396989,-0.593820,2.000236,0.406406,1.593835,1.593826,0.998180,51.309642,0.015562,0.068636
346,173500,1.002277,0.406441,-0.595836,1.998122,0.404175,1.593968,1.593927,0.000000,0.000000,0.000000,0.000000
347,174000,1.019337,0.422290,-0.597047,1.997019,0.402895,1.594042,1.594206,0.000000,0.000000,0.000000,0.000000
348,174500,0.995817,0.397934,-0.597883,1.996224,0.401961,1.594233,1.594293,0.000000,0.000000,0.000000,0.000000
349,175000,1.001067,0.402215,-0.598852,1.996153,0.401590,1.594666,1.594459,0.000000,0.000000,0.000000,0.000000
350,175500,0.997007,0.398772,-0.598234,1.996530,0.401971,1.594553,1.594564,0.998224,51.462631,0.015349,0.068363
351,176000,1.001133,0.401672,-0.599461,1.996195,0.400991,1.595252,1.595157,0.000000,0.000000,0.000000,0.000000
352,176500,0.992616,0.392585,-0.600031,1.997351,0.400023,1.597374,1.597282,0.000000,0.000000,0.000000,0.000000
353,177000,0.994673,0.389430,-0.605242,2.002321,0.394933,1.607270,1.607507,0.000000,0.000000,0.000000,0.000000
354,177500,1.008739,0.402958,-0.605781,2.002862,0.394479,1.608328,1.608439,0.000000,0.000000,0.000000,0.000000
355,178000,1.014491,0.409897,-0.604594,2.001163,0.395361,1.605937,1.605668,0.998078,49.888245,0.016313,0.067091
356,178500,1.020195,0.411859,-0.608336,2.000382,0.391789,1.608474,1.608711,0.000000,0.000000,0.000000,0.000000
357,179000,1.003664,0.395305,-0.608359,2.001260,0.392005,1.609242,1.609268,0.000000,0.000000,0.000000,0.000000
358,179500,1.014057,0.404260,-0.609797,1.999681,0.390236,1.609435,1.609456,0.000000,0.000000,0.000000,0.000000
359,180000,1.009048,0.395314,-0.613734,1.997524,0.386490,1.611099,1.610970,0.000000,0.000000,0.000000,0.000000
360,180500,1.017028,0.403231,-0.613797,1.996527,0.386169,1.610380,1.610336,0.998201,50.738246,0.016242,0.068699
361,181000,1.005303,0.388671,-0.616633,1.998054,0.383566,1.614365,1.614611,0.000000,0.000000,0.000000,0.000000
362,181500,1.016636,0.398347,-0.618289,1.998937,0.381620,1.617323,1.617311,0.000000,0.000000,0.000000,0.000000
363,182000,1.023222,0.404886,-0.618336,2.000731,0.381410,1.619309,1.619333,0.000000,0.000000,0.000000,0.000000
364,182500,1.017566,0.398316,-0.619250,2.000817,0.380325,1.620504,1.620481,0.000000,0.000000,0.000000,0.000000
365,183000,1.019708,0.399864,-0.619844,2.000197,0.380131,1.620280,1.619852,0.998173,51.505461,0.014920,0.068664
366,183500,1.026581,0.407315,-0.619266,1.999582,0.380838,1.618862,1.618625,0.000000,0.000000,0.000000,0.000000
367,184000,1.017605,0.398073,-0.619531,1.999546,0.380250,1.619269,1.619324,0.000000,0.000000,0.000000,0.000000
368,184500,1.052667,0.432527,-0.620141,1.999925,0.379758,1.620119,1.620214,0.000000,0.000000,0.000000,0.000000
369,185000,1.017787,0.395568,-0.622219,2.001101,0.378149,1.622914,1.622990,0.000000,0.000000,0.000000,0.000000
370,185500,1.028019,0.405589,-0.622430,2.001615,0.377759,1.623827,1.623885,0.998173,51.844531,0.015883,0.069273
371,186000,1.026353,0.399103,-0.627250,1.998418,0.372992,1.625423,1.625429,0.000000,0.000000,0.000000,0.000000
372,186500,1.029518,0.399690,-0.629828,1.997040,0.370213,1.626946,1.626708,0.000000,0.000000,0.000000,0.000000
373,187000,1.022526,0.390362,-0.632164,1.997921,0.368302,1.629674,1.629562,0.000000,0.000000,0.000000,0.000000
374,187500,1.025733,0.394062,-0.631672,1.997066,0.368856,1.628090,1.628328,0.000000,0.000000,0.000000,0.000000
375,188000,1.033100,0.400538,-0.632563,1.998593,0.367926,1.630759,1.630574,0.998199,51.096698,0.015629,0.067703
376,188500,1.029397,0.399413,-0.629984,1.999393,0.370107,1.629140,1.629433,0.000000,0.000000,0.000000,0.000000
377,189000,1.039126,0.407673,-0.631453,2.000616,0.368571,1.632010,1.632081,0.000000,0.000000,0.000000,0.000000
378,189500,1.024755,0.391474,-0.633281,2.001138,0.366623,1.634491,1.634539,0.000000,0.000000,0.000000,0.000000
379,190000,1.036207,0.402050,-0.634156,2.001893,0.365498,1.636479,1.636312,0.000000,0.000000,0.000000,0.000000
380,190500,1.024963,0.391174,-0.633789,2.001193,0.365642,1.635371,1.635732,0.998188,50.975769,0.015557,0.068046
381,191000,1.029727,0.394790,-0.634938,2.002922,0.364732,1.638135,1.638246,0.000000,0.000000,0.000000,0.000000
382,191500,1.025120,0.389260,-0.635859,2.002420,0.363736,1.638565,1.638803,0.000000,0.000000,0.000000,0.000000
383,192000,1.043318,0.405037,-0.638281,2.002294,0.362228,1.640126,1.640005,0.000000,0.000000,0.000000,0.000000
384,192500,1.041216,0.402544,-0.638672,2.002294,0.361926,1.640349,1.640386,0.000000,0.000000,0.000000,0.000000
385,193000,1.046442,0.406496,-0.639945,2.000995,0.360413,1.640581,1.640583,0.998174,50.366359,0.015462,0.068262
386,193500,1.031877,0.391908,-0.639969,2.000825,0.360223,1.640669,1.640534,0.000000,0.000000,0.000000,0.000000
387,194000,1.053803,0.411881,-0.641922,1.998693,0.357921,1.640784,1.640759,0.000000,0.000000,0.000000,0.000000
388,194500,1.031968,0.389421,-0.642547,1.997945,0.357138,1.640822,1.640792,0.000000,0.000000,0.000000,0.000000
389,195000,1.049644,0.405730,-0.643914,1.996948,0.356120,1.640829,1.640827,0.000000,0.000000,0.000000,0.000000
390,195500,1.032361,0.388549,-0.643813,1.996754,0.355881,1.640862,1.640883,0.998201,52.170166,0.015334,0.069245
391,196000,1.041964,0.397503,-0.644461,1.996876,0.355646,1.641333,1.641128,0.000000,0.000000,0.000000,0.000000
392,196500,1.043197,0.396892,-0.646305,1.996242,0.354444,1.641940,1.641658,0.000000,0.000000,0.000000,0.000000
393,197000,1.045120,0.399214,-0.645906,1.995770,0.354663,1.641156,1.641058,0.000000,0.000000,0.000000,0.000000
394,197500,1.041868,0.394532,-0.647336,1.997683,0.353198,1.644473,1.644497,0.000000,0.000000,0.000000,0.000000
395,198000,1.037724,0.389036,-0.648687,2.000190,0.351308,1.648979,1.648785,0.998210,51.352079,0.015476,0.068450
396,198500,1.047064,0.397798,-0.649266,2.000722,0.350331,1.650497,1.650285,0.000000,0.000000,0.000000,0.000000
397,199000,1.054557,0.405229,-0.649328,2.000633,0.350072,1.650597,1.650526,0.000000,0.000000,0.000000,0.000000
398,199500,1.041928,0.390170,-0.651758,2.001602,0.348627,1.652869,1.653082,0.000000,0.000000,0.000000,0.000000
399,200000,1.061059,0.407840,-0.653219,2.002158,0.347051,1.655002,1.655213,0.000000,0.000000,0.000000,0.000000
400,200500,1.039456,0.388722,-0.650734,2.000737,0.349054,1.651465,1.651901,0.998238,52.148521,0.015969,0.069299
401,201000,1.036305,0.386430,-0.649875,2.000730,0.349608,1.651254,1.650991,0.000000,0.000000,0.000000,0.000000
402,201500,1.060087,0.406079,-0.654008,2.002085,0.346265,1.655800,1.655841,0.000000,0.000000,0.000000,0.000000
403,202000,1.055778,0.400301,-0.655477,2.001058,0.344807,1.656203,1.656299,0.000000,0.000000,0.000000,0.000000
404,202500,1.049884,0.394181,-0.655703,2.000620,0.344301,1.656338,1.656302,0.000000,0.000000,0.000000,0.000000
405,203000,1.070000,0.413844,-0.656156,2.000215,0.343898,1.656310,1.656324,0.998158,51.757449,0.015207,0.069288
406,203500,1.043306,0.386752,-0.656555,1.999645,0.343316,1.656334,1.656323,0.000000,0.000000,0.000000,0.000000
407,204000,1.039751,0.383329,-0.656422,2.000138,0.343798,1.656337,1.656344,0.000000,0.000000,0.000000,0.000000
408,204500,1.048445,0.391046,-0.657398,1.998852,0.342514,1.656322,1.656353,0.000000,0.000000,0.000000,0.000000
409,205000,1.056217,0.398474,-0.657742,1.998357,0.342022,1.656334,1.656336,0.000000,0.000000,0.000000,0.000000
410,205500,1.059797,0.400626,-0.659172,1.996946,0.340576,1.656363,1.656379,0.998184,50.570007,0.015337,0.068014
411,206000,1.096025,0.435353,-0.660672,1.995742,0.339185,1.656524,1.656591,0.000000,0.000000,0.000000,0.000000
412,206500,1.078230,0.417238,-0.660992,1.995782,0.338833,1.656866,1.657031,0.000000,0.000000,0.000000,0.000000
413,207000,1.056978,0.395400,-0.661578,1.995730,0.338524,1.657181,1.657230,0.000000,0.000000,0.000000,0.000000
414,207500,1.062449,0.401074,-0.661375,1.995793,0.338460,1.657372,1.657294,0.000000,0.000000,0.000000,0.000000
415,208000,1.077884,0.415399,-0.662484,1.997530,0.337545,1.660211,1.659759,0.997612,48.526096,0.021393,0.069138
416,208500,1.070853,0.407368,-0.663484,1.998874,0.336673,1.662410,1.661991,0.000000,0.000000,0.000000,0.000000
417,209000,1.056563,0.393095,-0.663469,1.998376,0.336795,1.661669,1.661492,0.000000,0.000000,0.000000,0.000000
418,209500,1.059761,0.395644,-0.664117,2.000670,0.336025,1.664692,1.664599,0.000000,0.000000,0.000000,0.000000
419,210000,1.054166,0.391502,-0.662664,1.996624,0.337660,1.658901,1.659026,0.000000,0.000000,0.000000,0.000000
420,210500,1.062183,0.398558,-0.663625,1.998102,0.336701,1.661581,1.661222,0.998205,50.934813,0.014483,0.068728
421,211000,1.061885,0.397987,-0.663898,1.998442,0.336391,1.662031,1.662071,0.000000,0.000000,0.000000,0.000000
422,211500,1.057585,0.393452,-0.664133,1.999129,0.335891,1.663230,1.663245,0.000000,0.000000,0.000000,0.000000
423,212000,1.053301,0.387918,-0.665383,2.000638,0.334468,1.666285,1.666056,0.000000,0.000000,0.000000,0.000000
424,212500,1.053369,0.386557,-0.666813,2.000489,0.332997,1.667422,1.667564,0.000000,0.000000,0.000000,0.000000
425,213000,1.059182,0.390854,-0.668328,2.000298,0.332026,1.668113,1.668431,0.998162,50.601452,0.015167,0.067804
426,213500,1.061831,0.391777,-0.670055,2.000759,0.330234,1.670640,1.670409,0.000000,0.000000,0.000000,0.000000
427,214000,1.078013,0.407138,-0.670875,2.000930,0.329566,1.671410,1.671317,0.000000,0.000000,0.000000,0.000000
428,214500,1.065429,0.393937,-0.671492,2.000639,0.328872,1.671715,1.671819,0.000000,0.000000,0.000000,0.000000
429,215000,1.064849,0.392302,-0.672547,1.999648,0.327431,1.672245,1.672189,0.000000,0.000000,0.000000,0.000000
430,215500,1.066631,0.392881,-0.673750,1.998455,0.325955,1.672474,1.672528,0.998210,51.101076,0.014459,0.068409
431,216000,1.069635,0.393776,-0.675859,1.997259,0.324325,1.673001,1.672867,0.000000,0.000000,0.000000,0.000000
432,216500,1.079955,0.402205,-0.677750,1.997248,0.322627,1.674782,1.674459,0.000000,0.000000,0.000000,0.000000
433,217000,1.070636,0.392863,-0.677773,1.996733,0.322396,1.674603,1.674070,0.000000,0.000000,0.000000,0.000000
434,217500,1.085621,0.406293,-0.679328,1.997981,0.321347,1.676831,1.676438,0.000000,0.000000,0.000000,0.000000
435,218000,1.070226,0.390882,-0.679344,1.998202,0.321326,1.676923,1.676828,0.998208,51.073235,0.014910,0.068705
436,218500,1.064950,0.385090,-0.679859,1.999898,0.319923,1.679858,1.680093,0.000000,0.000000,0.000000,0.000000
437,219000,1.071753,0.391299,-0.680453,2.001611,0.319403,1.682573,1.681844,0.000000,0.000000,0.000000,0.000000
438,219500,1.095279,0.415045,-0.680234,2.000980,0.319704,1.681399,1.681153,0.000000,0.000000,0.000000,0.000000
439,220000,1.085600,0.405623,-0.679977,2.000749,0.320114,1.680844,1.680425,0.000000,0.000000,0.000000,0.000000
440,220500,1.075352,0.398548,-0.676805,1.998560,0.323401,1.675046,1.675273,0.998220,51.612050,0.015089,0.068196
441,221000,1.074018,0.395838,-0.678180,1.999008,0.322298,1.676812,1.676608,0.000000,0.000000,0.000000,0.000000
442,221500,1.092519,0.413362,-0.679156,1.999915,0.320973,1.678783,1.679102,0.000000,0.000000,0.000000,0.000000
443,222000,1.076617,0.397250,-0.679367,2.000070,0.320406,1.679781,1.679547,0.000000,0.000000,0.000000,0.000000
444,222500,1.071187,0.391437,-0.679750,1.999235,0.320439,1.678865,1.678727,0.000000,0.000000,0.000000,0.000000
445,223000,1.079272,0.397108,-0.682164,1.999738,0.317883,1.682029,1.681680,0.998199,51.931395,0.015373,0.068784
446,223500,1.071366,0.388468,-0.682898,2.000430,0.317083,1.683261,1.683434,0.000000,0.000000,0.000000,0.000000
447,224000,1.093885,0.409955,-0.683930,2.000333,0.316190,1.684169,1.684117,0.000000,0.000000,0.000000,0.000000
448,224500,1.077415,0.392423,-0.684992,2.001544,0.314989,1.686655,1.686457,0.000000,0.000000,0.000000,0.000000
449,225000,1.080227,0.392711,-0.687516,1.999913,0.312309,1.687595,1.687614,0.000000,0.000000,0.000000,0.000000
450,225500,1.074509,0.386931,-0.687578,1.999767,0.312199,1.687570,1.687566,0.998222,51.360695,0.015185,0.068658
451,226000,1.082022,0.394389,-0.687633,1.999767,0.312201,1.687565,1.687566,0.000000,0.000000,0.000000,0.000000
452,226500,1.084121,0.396348,-0.687773,1.999399,0.311834,1.687564,1.687565,0.000000,0.000000,0.000000,0.000000
453,227000,1.079045,0.389560,-0.689484,1.998193,0.310302,1.687877,1.687904,0.000000,0.000000,0.000000,0.000000
454,227500,1.096230,0.404176,-0.692055,1.996980,0.308284,1.688665,1.688727,0.000000,0.000000,0.000000,0.000000
455,228000,1.091545,0.398702,-0.692844,1.996388,0.307364,1.688890,1.689159,0.998203,50.911684,0.014657,0.068374
456,228500,1.081691,0.389597,-0.692094,1.996932,0.308021,1.689066,1.688754,0.000000,0.000000,0.000000,0.000000
457,229000,1.086544,0.393169,-0.693375,1.996932,0.306863,1.690091,1.690046,0.000000,0.000000,0.000000,0.000000
458,229500,1.094224,0.400529,-0.693695,1.996163,0.307009,1.689067,1.689242,0.000000,0.000000,0.000000,0.000000
459,230000,1.092464,0.398886,-0.693578,1.996930,0.306545,1.690524,1.690246,0.000000,0.000000,0.000000,0.000000
460,230500,1.084516,0.389516,-0.695000,1.999554,0.305000,1.694590,1.694518,0.998211,52.060778,0.015585,0.069620
461,231000,1.096108,0.399577,-0.696531,1.999461,0.303243,1.696278,1.696157,0.000000,0.000000,0.000000,0.000000
462,231500,1.106226,0.409882,-0.696344,1.999619,0.303574,1.696027,1.696063,0.000000,0.000000,0.000000,0.000000
463,232000,1.095344,0.397930,-0.697414,1.999448,0.302832,1.696793,1.696439,0.000000,0.000000,0.000000,0.000000
464,232500,1.086348,0.389574,-0.696773,1.999861,0.303311,1.696502,1.696598,0.000000,0.000000,0.000000,0.000000
465,233000,1.095728,0.396392,-0.699336,2.001914,0.300881,1.701221,1.700844,0.998186,52.194395,0.015281,0.069861
466,233500,1.087531,0.385758,-0.701773,2.001823,0.298692,1.703154,1.703107,0.000000,0.000000,0.000000,0.000000
467,234000,1.094416,0.392752,-0.701664,2.001697,0.298663,1.703001,1.703065,0.000000,0.000000,0.000000,0.000000
468,234500,1.096316,0.394933,-0.701383,2.001775,0.298668,1.703120,1.703093,0.000000,0.000000,0.000000,0.000000
469,235000,1.086939,0.384329,-0.702609,2.000679,0.297499,1.703156,1.703203,0.000000,0.000000,0.000000,0.000000
470,235500,1.091684,0.384301,-0.707383,1.997233,0.292842,1.704367,1.704414,0.998235,51.944278,0.015175,0.069535
471,236000,1.105934,0.398684,-0.707250,1.996864,0.292674,1.704052,1.704328,0.000000,0.000000,0.000000,0.000000
472,236500,1.087551,0.383121,-0.704430,1.998409,0.295173,1.703232,1.703240,0.000000,0.000000,0.000000,0.000000
473,237000,1.095824,0.390707,-0.705117,1.997729,0.294336,1.703390,1.703395,0.000000,0.000000,0.000000,0.000000
474,237500,1.098691,0.391746,-0.706945,1.996484,0.293195,1.703309,1.703268,0.000000,0.000000,0.000000,0.000000
475,238000,1.105902,0.399191,-0.706711,1.996204,0.292998,1.703222,1.703190,0.998225,50.768420,0.015070,0.068875
476,238500,1.107025,0.399885,-0.707141,1.996908,0.293142,1.703801,1.703730,0.000000,0.000000,0.000000,0.000000
477,239000,1.101007,0.395101,-0.705906,1.997447,0.293795,1.703751,1.703553,0.000000,0.000000,0.000000,0.000000
478,239500,1.102526,0.393479,-0.709047,1.999544,0.291636,1.707923,1.707895,0.000000,0.000000,0.000000,0.000000
479,240000,1.092840,0.382824,-0.710016,2.000367,0.290191,1.710185,1.710166,0.000000,0.000000,0.000000,0.000000
480,240500,1.096219,0.385774,-0.710445,2.000346,0.289653,1.710709,1.710677,0.998254,52.042406,0.014769,0.069673
481,241000,1.108406,0.397430,-0.710977,1.999887,0.288917,1.710983,1.710956,0.000000,0.000000,0.000000,0.000000
482,241500,1.098404,0.387177,-0.711227,1.999847,0.288755,1.711086,1.711097,0.000000,0.000000,0.000000,0.000000
483,242000,1.101730,0.389323,-0.712406,1.999863,0.287333,1.712620,1.712440,0.000000,0.000000,0.000000,0.000000
484,242500,1.104144,0.389902,-0.714242,2.001343,0.285753,1.715447,1.715733,0.000000,0.000000,0.000000,0.000000
485,243000,1.105437,0.389133,-0.716305,2.001692,0.283944,1.717898,1.717597,0.998227,52.113757,0.014818,0.069295
486,243500,1.106799,0.388479,-0.718320,2.000598,0.281789,1.718810,1.718809,0.000000,0.000000,0.000000,0.000000
487,244000,1.101501,0.383134,-0.718367,2.000499,0.281684,1.718816,1.718814,0.000000,0.000000,0.000000,0.000000
488,244500,1.108775,0.389689,-0.719086,1.999753,0.280869,1.718893,1.718875,0.000000,0.000000,0.000000,0.000000
489,245000,1.106477,0.385039,-0.721437,1.997363,0.278421,1.718941,1.718944,0.000000,0.000000,0.000000,0.000000
490,245500,1.104418,0.382535,-0.721883,1.996985,0.277957,1.718982,1.719075,0.998208,52.255218,0.014977,0.069457
491,246000,1.107334,0.383568,-0.723766,1.996471,0.276251,1.720264,1.720174,0.000000,0.000000,0.000000,0.000000
492,246500,1.121229,0.399252,-0.721977,1.996799,0.277890,1.718965,1.718853,0.000000,0.000000,0.000000,0.000000
493,247000,1.119133,0.396531,-0.722602,1.996147,0.277285,1.718862,1.718861,0.000000,0.000000,0.000000,0.000000
494,247500,1.095747,0.373693,-0.722055,1.997097,0.277977,1.719156,1.719083,0.000000,0.000000,0.000000,0.000000
495,248000,1.121677,0.399536,-0.722141,1.997096,0.277847,1.719259,1.719240,0.998206,51.528126,0.015457,0.068596
496,248500,1.112023,0.386523,-0.725500,1.999617,0.274541,1.725078,1.725076,0.000000,0.000000,0.000000,0.000000
497,249000,1.132445,0.406086,-0.726359,1.999926,0.273472,1.726452,1.726454,0.000000,0.000000,0.000000,0.000000
498,249500,1.117661,0.391247,-0.726414,1.999707,0.273384,1.726156,1.726490,0.000000,0.000000,0.000000,0.000000
499,250000,1.115898,0.389320,-0.726578,1.999974,0.273476,1.726522,1.726475,0.000000,0.000000,0.000000,0.000000
500,250500,1.118380,0.391669,-0.726711,1.999811,0.272873,1.726933,1.726943,0.998221,51.940003,0.015876,0.069037
501,251000,1.127239,0.400310,-0.726930,1.999343,0.272602,1.726779,1.726704,0.000000,0.000000,0.000000,0.000000
502,251500,1.105695,0.378492,-0.727203,1.999528,0.272368,1.727197,1.727123,0.000000,0.000000,0.000000,0.000000
503,252000,1.114092,0.385373,-0.728719,1.999694,0.271028,1.728577,1.728755,0.000000,0.000000,0.000000,0.000000
504,252500,1.110813,0.380641,-0.730172,2.001358,0.269677,1.731694,1.731669,0.000000,0.000000,0.000000,0.000000
505,253000,1.127026,0.394222,-0.732805,2.002136,0.267944,1.734204,1.734180,0.998194,51.192532,0.015953,0.069719
506,253500,1.125888,0.393373,-0.732516,2.002382,0.268032,1.734373,1.734327,0.000000,0.000000,0.000000,0.000000
507,254000,1.122398,0.388109,-0.734289,2.000117,0.265657,1.734513,1.734406,0.000000,0.000000,0.000000,0.000000
508,254500,1.126783,0.392307,-0.734477,2.000229,0.265669,1.734601,1.734519,0.000000,0.000000,0.000000,0.000000
509,255000,1.113544,0.380700,-0.732844,2.001967,0.267686,1.734245,1.734318,0.000000,0.000000,0.000000,0.000000
510,255500,1.133920,0.400693,-0.733227,2.001593,0.267159,1.734429,1.734438,0.998076,51.431489,0.016412,0.069763
511,256000,1.125671,0.392202,-0.733469,2.001651,0.267286,1.734318,1.734412,0.000000,0.000000,0.000000,0.000000
512,256500,1.128983,0.396334,-0.732648,2.002367,0.268012,1.734326,1.734382,0.000000,0.000000,0.000000,0.000000
513,257000,1.112199,0.379964,-0.732234,2.002948,0.268587,1.734352,1.734370,0.000000,0.000000,0.000000,0.000000
514,257500,1.124883,0.392836,-0.732047,2.002343,0.268409,1.734044,1.733824,0.000000,0.000000,0.000000,0.000000
515,258000,1.122221,0.389744,-0.732477,2.002317,0.268154,1.734255,1.734069,0.998212,52.194783,0.014980,0.069737
516,258500,1.117808,0.385917,-0.731891,2.002691,0.268571,1.734115,1.734126,0.000000,0.000000,0.000000,0.000000
517,259000,1.144851,0.411718,-0.733133,2.001724,0.267329,1.734391,1.734399,0.000000,0.000000,0.000000,0.000000
518,259500,1.128528,0.393082,-0.735445,1.999113,0.264633,1.734466,1.734496,0.000000,0.000000,0.000000,0.000000
519,260000,1.117515,0.380804,-0.736711,1.997676,0.262961,1.734774,1.734656,0.000000,0.000000,0.000000,0.000000
520,260500,1.121189,0.386822,-0.734367,1.999762,0.265361,1.734374,1.734429,0.998240,51.552553,0.014798,0.069695
521,261000,1.125914,0.391789,-0.734125,2.000394,0.266058,1.734334,1.734337,0.000000,0.000000,0.000000,0.000000
522,261500,1.118178,0.384279,-0.733898,2.000794,0.266580,1.734183,1.734244,0.000000,0.000000,0.000000,0.000000
523,262000,1.108581,0.374605,-0.733977,2.001324,0.266909,1.734414,1.734415,0.000000,0.000000,0.000000,0.000000
524,262500,1.127273,0.393109,-0.734164,2.000816,0.266396,1.734422,1.734420,0.000000,0.000000,0.000000,0.000000
525,263000,1.105982,0.372107,-0.733875,2.000980,0.266564,1.734418,1.734416,0.998221,52.144066,0.015474,0.070246
526,263500,1.119204,0.384939,-0.734266,2.000496,0.266070,1.734427,1.734426,0.000000,0.000000,0.000000,0.000000
527,264000,1.114907,0.378556,-0.736352,1.997972,0.263253,1.734650,1.734789,0.000000,0.000000,0.000000,0.000000
528,264500,1.127233,0.390428,-0.736805,1.997798,0.262932,1.734913,1.734819,0.000000,0.000000,0.000000,0.000000
529,265000,1.123049,0.385853,-0.737195,1.997940,0.262629,1.735335,1.735288,0.000000,0.000000,0.000000,0.000000
530,265500,1.116458,0.379521,-0.736938,1.998160,0.262819,1.735246,1.735435,0.998212,52.116369,0.016114,0.069820
531,266000,1.116879,0.381481,-0.735398,1.999174,0.264302,1.734857,1.734887,0.000000,0.000000,0.000000,0.000000
532,266500,1.118354,0.381604,-0.736750,1.999585,0.262986,1.736616,1.736582,0.000000,0.000000,0.000000,0.000000
533,267000,1.127179,0.387664,-0.739516,2.000937,0.260583,1.740400,1.740307,0.000000,0.000000,0.000000,0.000000
534,267500,1.120788,0.380186,-0.740602,2.000803,0.259685,1.741150,1.741087,0.000000,0.000000,0.000000,0.000000
535,268000,1.126858,0.385928,-0.740930,2.000845,0.259232,1.741684,1.741541,0.998256,52.088008,0.015765,0.069658
536,268500,1.125343,0.383874,-0.741469,2.001016,0.258973,1.742066,1.742021,0.000000,0.000000,0.000000,0.000000
537,269000,1.131630,0.389630,-0.742000,2.000655,0.258457,1.742187,1.742209,0.000000,0.000000,0.000000,0.000000
538,269500,1.123306,0.381158,-0.742148,2.000152,0.257862,1.742313,1.742267,0.000000,0.000000,0.000000,0.000000
539,270000,1.122012,0.379606,-0.742406,2.000894,0.257295,1.743771,1.743427,0.000000,0.000000,0.000000,0.000000
540,270500,1.129991,0.383335,-0.746656,2.003061,0.253531,1.749540,1.749521,0.998194,52.333660,0.016730,0.069906
541,271000,1.130591,0.380395,-0.750195,1.999746,0.249663,1.750102,1.750062,0.000000,0.000000,0.000000,0.000000
542,271500,1.149562,0.398648,-0.750914,1.998493,0.248410,1.750085,1.750081,0.000000,0.000000,0.000000,0.000000
543,272000,1.133602,0.382204,-0.751398,1.997773,0.247687,1.750080,1.750093,0.000000,0.000000,0.000000,0.000000
544,272500,1.131749,0.379491,-0.752258,1.997233,0.247103,1.750167,1.750093,0.000000,0.000000,0.000000,0.000000
545,273000,1.136516,0.382173,-0.754344,1.997628,0.245692,1.751941,1.751931,0.998239,51.550940,0.015179,0.068989
546,273500,1.134794,0.379122,-0.755672,1.998373,0.244947,1.753372,1.753479,0.000000,0.000000,0.000000,0.000000
547,274000,1.127339,0.372206,-0.755133,1.998317,0.245111,1.752964,1.753447,0.000000,0.000000,0.000000,0.000000
548,274500,1.141926,0.387113,-0.754812,1.999475,0.245591,1.753699,1.754069,0.000000,0.000000,0.000000,0.000000
549,275000,1.137177,0.381279,-0.755898,2.001413,0.245052,1.756432,1.756290,0.000000,0.000000,0.000000,0.000000
550,275500,1.135291,0.378346,-0.756945,2.001165,0.244182,1.756889,1.757076,0.998217,51.616015,0.016171,0.069387
551,276000,1.140272,0.382811,-0.757461,2.000477,0.243024,1.757452,1.757455,0.000000,0.000000,0.000000,0.000000
552,276500,1.144338,0.385877,-0.758461,1.999793,0.240956,1.758938,1.758736,0.000000,0.000000,0.000000,0.000000
553,277000,1.169723,0.405973,-0.763750,2.001752,0.236753,1.765031,1.764967,0.000000,0.000000,0.000000,0.000000
554,277500,1.144317,0.379777,-0.764539,2.001481,0.236020,1.765468,1.765454,0.000000,0.000000,0.000000,0.000000
555,278000,1.141530,0.375968,-0.765563,2.000214,0.234525,1.765675,1.765702,0.998213,51.786746,0.015743,0.069143
556,278500,1.139539,0.372672,-0.766867,1.998479,0.232707,1.765743,1.765801,0.000000,0.000000,0.000000,0.000000
557,279000,1.170674,0.401205,-0.769469,1.996676,0.230795,1.765890,1.765872,0.000000,0.000000,0.000000,0.000000
558,279500,1.158858,0.389850,-0.769008,1.996777,0.230837,1.765923,1.765958,0.000000,0.000000,0.000000,0.000000
559,280000,1.148613,0.378988,-0.769625,1.996756,0.230669,1.766144,1.766031,0.000000,0.000000,0.000000,0.000000
560,280500,1.151313,0.382048,-0.769266,1.996825,0.230652,1.766040,1.766305,0.998197,52.353740,0.016297,0.070699
561,281000,1.152753,0.380902,-0.771852,1.996413,0.229092,1.767227,1.767415,0.000000,0.000000,0.000000,0.000000
562,281500,1.159497,0.389286,-0.770211,1.996496,0.230184,1.766358,1.766266,0.000000,0.000000,0.000000,0.000000
563,282000,1.156190,0.383721,-0.772469,1.997895,0.228004,1.769822,1.769961,0.000000,0.000000,0.000000,0.000000
564,282500,1.156700,0.382357,-0.774344,2.001495,0.225015,1.776800,1.776160,0.000000,0.000000,0.000000,0.000000
565,283000,1.174876,0.397673,-0.777203,1.999677,0.222911,1.776873,1.776659,0.998240,51.365745,0.015451,0.069055
566,283500,1.151139,0.373998,-0.777141,1.999965,0.222835,1.777055,1.777206,0.000000,0.000000,0.000000,0.000000
567,284000,1.155254,0.376996,-0.778258,1.999872,0.222239,1.777809,1.777458,0.000000,0.000000,0.000000,0.000000
568,284500,1.157711,0.376601,-0.781109,2.000049,0.219033,1.781049,1.780983,0.000000,0.000000,0.000000,0.000000
569,285000,1.151737,0.370112,-0.781625,1.999584,0.218130,1.781439,1.781469,0.000000,0.000000,0.000000,0.000000
570,285500,1.164958,0.382615,-0.782344,1.998729,0.217340,1.781351,1.781427,0.998206,52.321391,0.014843,0.069408
571,286000,1.170687,0.385703,-0.784984,1.997995,0.215043,1.783062,1.782842,0.000000,0.000000,0.000000,0.000000
572,286500,1.163348,0.378012,-0.785336,1.997709,0.214630,1.783007,1.783151,0.000000,0.000000,0.000000,0.000000
573,287000,1.164158,0.376330,-0.787828,1.998940,0.212410,1.786411,1.786648,0.000000,0.000000,0.000000,0.000000
574,287500,1.171865,0.382506,-0.789359,1.999360,0.210259,1.789034,1.789167,0.000000,0.000000,0.000000,0.000000
575,288000,1.168406,0.378257,-0.790148,1.998888,0.209156,1.789676,1.789790,0.998216,52.066487,0.015025,0.070297
576,288500,1.169279,0.376662,-0.792617,2.000003,0.207386,1.792673,1.792560,0.000000,0.000000,0.000000,0.000000
577,289000,1.180393,0.384182,-0.796211,2.000343,0.204023,1.796401,1.796240,0.000000,0.000000,0.000000,0.000000
578,289500,1.175217,0.377623,-0.797594,1.999084,0.202106,1.796984,1.796971,0.000000,0.000000,0.000000,0.000000
579,290000,1.173399,0.375579,-0.797820,1.998821,0.201826,1.796999,1.796990,0.000000,0.000000,0.000000,0.000000
580,290500,1.187235,0.385485,-0.801750,1.997470,0.198553,1.798767,1.799067,0.998231,52.328138,0.015378,0.069586
581,291000,1.192904,0.389802,-0.803102,1.998523,0.197203,1.801375,1.801265,0.000000,0.000000,0.000000,0.000000
582,291500,1.182316,0.376996,-0.805320,2.002453,0.194088,1.808467,1.808264,0.000000,0.000000,0.000000,0.000000
583,292000,1.177250,0.371109,-0.806141,2.001700,0.193358,1.808320,1.808362,0.000000,0.000000,0.000000,0.000000
584,292500,1.174427,0.367950,-0.806477,1.999390,0.192854,1.806492,1.806581,0.000000,0.000000,0.000000,0.000000
585,293000,1.186586,0.379758,-0.806828,1.999032,0.192641,1.806264,1.806519,0.998256,52.232882,0.015195,0.070296
586,293500,1.196483,0.385788,-0.810695,1.999884,0.189414,1.810429,1.810511,0.000000,0.000000,0.000000,0.000000
587,294000,1.197102,0.383977,-0.813125,1.998581,0.186045,1.812552,1.812522,0.000000,0.000000,0.000000,0.000000
588,294500,1.185750,0.372524,-0.813227,1.998678,0.186082,1.812605,1.812589,0.000000,0.000000,0.000000,0.000000
589,295000,1.197752,0.383401,-0.814352,1.998213,0.185319,1.812883,1.812906,0.000000,0.000000,0.000000,0.000000
590,295500,1.201206,0.384675,-0.816531,1.996631,0.183718,1.812926,1.812900,0.998216,52.521915,0.015398,0.069822
591,296000,1.189481,0.372270,-0.817211,1.996246,0.183242,1.813067,1.812942,0.000000,0.000000,0.000000,0.000000
592,296500,1.197158,0.378869,-0.818289,1.995980,0.182685,1.813176,1.813413,0.000000,0.000000,0.000000,0.000000
593,297000,1.203929,0.384304,-0.819625,1.998529,0.180916,1.817537,1.817689,0.000000,0.000000,0.000000,0.000000
594,297500,1.202814,0.382994,-0.819820,1.998422,0.180674,1.817909,1.817587,0.000000,0.000000,0.000000,0.000000
595,298000,1.195750,0.375992,-0.819758,1.997644,0.181144,1.816642,1.816358,0.998236,51.863318,0.016028,0.069797
596,298500,1.194906,0.374468,-0.820438,2.000161,0.179480,1.820700,1.820662,0.000000,0.000000,0.000000,0.000000
597,299000,1.203488,0.380160,-0.823328,1.999375,0.176346,1.823061,1.822997,0.000000,0.000000,0.000000,0.000000
598,299500,1.208109,0.382133,-0.825977,1.999514,0.174744,1.824864,1.824674,0.000000,0.000000,0.000000,0.000000
599,300000,1.198975,0.373124,-0.825852,1.999629,0.174830,1.824681,1.824915,0.000000,0.000000,0.000000,0.000000
600,300500,1.197291,0.371135,-0.826156,1.999556,0.174215,1.825372,1.825309,0.998233,51.990140,0.015802,0.069731
601,301000,1.208544,0.378888,-0.829656,1.998634,0.170439,1.828057,1.828334,0.000000,0.000000,0.000000,0.000000
602,301500,1.209327,0.375945,-0.833383,1.996605,0.167276,1.829298,1.829361,0.000000,0.000000,0.000000,0.000000
603,302000,1.204493,0.369407,-0.835086,1.998357,0.165186,1.832801,1.833541,0.000000,0.000000,0.000000,0.000000
604,302500,1.210309,0.374512,-0.835797,2.000255,0.164650,1.835660,1.835550,0.000000,0.000000,0.000000,0.000000
605,303000,1.230213,0.394284,-0.835930,1.999790,0.164018,1.835709,1.835835,0.998237,50.689605,0.015154,0.068296
606,303500,1.216707,0.380707,-0.836000,1.999765,0.164032,1.835628,1.835839,0.000000,0.000000,0.000000,0.000000
607,304000,1.219402,0.383457,-0.835945,2.000258,0.164040,1.836128,1.836310,0.000000,0.000000,0.000000,0.000000
608,304500,1.215620,0.379519,-0.836102,1.999839,0.163817,1.835959,1.836085,0.000000,0.000000,0.000000,0.000000
609,305000,1.219282,0.381142,-0.838141,1.998690,0.161605,1.837130,1.837041,0.000000,0.000000,0.000000,0.000000
610,305500,1.212015,0.371695,-0.840320,1.999830,0.160175,1.839475,1.839835,0.998257,51.960477,0.015346,0.069357
611,306000,1.229154,0.388693,-0.840461,2.000713,0.159939,1.840714,1.840834,0.000000,0.000000,0.000000,0.000000
612,306500,1.231265,0.388077,-0.843187,2.000324,0.157016,1.843252,1.843363,0.000000,0.000000,0.000000,0.000000
613,307000,1.227152,0.381206,-0.845945,1.997556,0.153714,1.843854,1.843831,0.000000,0.000000,0.000000,0.000000
614,307500,1.222347,0.376160,-0.846187,1.997185,0.153365,1.843821,1.843817,0.000000,0.000000,0.000000,0.000000
615,308000,1.221716,0.373388,-0.848328,1.996349,0.152148,1.844182,1.844220,0.998243,52.658168,0.015463,0.069640
616,308500,1.232995,0.383472,-0.849523,1.995871,0.151305,1.844550,1.844581,0.000000,0.000000,0.000000,0.000000
617,309000,1.235923,0.386110,-0.849812,1.995939,0.151140,1.844816,1.844783,0.000000,0.000000,0.000000,0.000000
618,309500,1.226563,0.376711,-0.849852,1.995911,0.151049,1.844945,1.844778,0.000000,0.000000,0.000000,0.000000
619,310000,1.218442,0.369044,-0.849398,1.996175,0.151469,1.844660,1.844753,0.000000,0.000000,0.000000,0.000000
620,310500,1.223707,0.375254,-0.848453,1.996364,0.151588,1.844870,1.844682,0.998242,51.823528,0.014516,0.069030
621,311000,1.224506,0.372756,-0.851750,2.000041,0.148089,1.852074,1.851831,0.000000,0.000000,0.000000,0.000000
622,311500,1.224273,0.372226,-0.852047,2.001285,0.147737,1.853676,1.853420,0.000000,0.000000,0.000000,0.000000
623,312000,1.233905,0.380397,-0.853508,2.001056,0.146000,1.855117,1.854995,0.000000,0.000000,0.000000,0.000000
624,312500,1.232986,0.378767,-0.854219,1.999821,0.145441,1.854335,1.854426,0.000000,0.000000,0.000000,0.000000
625,313000,1.230503,0.375612,-0.854891,1.998663,0.144816,1.853798,1.853896,0.998057,52.672501,0.016224,0.070047
626,313500,1.232308,0.376551,-0.855758,1.999263,0.144462,1.854897,1.854706,0.000000,0.000000,0.000000,0.000000
627,314000,1.235143,0.376533,-0.858609,2.000011,0.142072,1.858090,1.857789,0.000000,0.000000,0.000000,0.000000
628,314500,1.240145,0.382473,-0.857672,2.002088,0.142677,1.859467,1.859356,0.000000,0.000000,0.000000,0.000000
629,315000,1.225203,0.370000,-0.855203,2.002791,0.144545,1.858297,1.858195,0.000000,0.000000,0.000000,0.000000
630,315500,1.244854,0.386323,-0.858531,2.000864,0.141511,1.859373,1.859333,0.998213,51.883294,0.016210,0.069878
631,316000,1.238880,0.377630,-0.861250,1.998406,0.138547,1.859889,1.859830,0.000000,0.000000,0.000000,0.000000
632,316500,1.230221,0.365830,-0.864391,1.996786,0.136163,1.860664,1.860581,0.000000,0.000000,0.000000,0.000000
633,317000,1.239068,0.374084,-0.864984,1.997969,0.135821,1.862212,1.862085,0.000000,0.000000,0.000000,0.000000
634,317500,1.245011,0.379269,-0.865742,1.997485,0.135089,1.862373,1.862420,0.000000,0.000000,0.000000,0.000000
635,318000,1.248701,0.382685,-0.866016,1.997563,0.134615,1.862984,1.862911,0.998236,52.485182,0.015231,0.070034
636,318500,1.235395,0.369106,-0.866289,2.000014,0.134322,1.865652,1.865731,0.000000,0.000000,0.000000,0.000000
637,319000,1.232117,0.366164,-0.865953,1.997765,0.134981,1.862697,1.862870,0.000000,0.000000,0.000000,0.000000
638,319500,1.252875,0.386515,-0.866359,2.000538,0.134038,1.866455,1.866545,0.000000,0.000000,0.000000,0.000000
639,320000,1.242623,0.376732,-0.865891,2.000050,0.134933,1.865228,1.865007,0.000000,0.000000,0.000000,0.000000
640,320500,1.233938,0.367570,-0.866367,1.999851,0.134201,1.865687,1.865613,0.998200,52.487917,0.015725,0.070274
641,321000,1.234758,0.367688,-0.867070,2.000498,0.133335,1.867173,1.867152,0.000000,0.000000,0.000000,0.000000
642,321500,1.225961,0.356781,-0.869180,1.998018,0.130227,1.867795,1.867788,0.000000,0.000000,0.000000,0.000000
643,322000,1.238645,0.369098,-0.869547,1.998118,0.129968,1.868306,1.867993,0.000000,0.000000,0.000000,0.000000
644,322500,1.241571,0.370384,-0.871188,1.998836,0.128797,1.869866,1.870211,0.000000,0.000000,0.000000,0.000000
645,323000,1.267614,0.392645,-0.874969,2.000156,0.125494,1.874591,1.874733,0.998221,51.466396,0.015716,0.069389
646,323500,1.238592,0.363944,-0.874648,2.000378,0.125574,1.874799,1.874810,0.000000,0.000000,0.000000,0.000000
647,324000,1.247205,0.372791,-0.874414,2.000558,0.125919,1.874656,1.874622,0.000000,0.000000,0.000000,0.000000
648,324500,1.259602,0.384719,-0.874883,2.000059,0.125052,1.875017,1.874997,0.000000,0.000000,0.000000,0.000000
649,325000,1.243233,0.367999,-0.875234,1.998991,0.123938,1.875058,1.875046,0.000000,0.000000,0.000000,0.000000
650,325500,1.258118,0.380641,-0.877477,1.997233,0.122119,1.875127,1.875100,0.998252,51.067884,0.015463,0.070124
651,326000,1.257864,0.378200,-0.879664,1.996287,0.120820,1.875559,1.875375,0.000000,0.000000,0.000000,0.000000
652,326500,1.252511,0.371558,-0.880953,1.996514,0.119804,1.876638,1.876782,0.000000,0.000000,0.000000,0.000000
653,327000,1.248277,0.365808,-0.882469,1.998914,0.117911,1.880964,1.881042,0.000000,0.000000,0.000000,0.000000
654,327500,1.262402,0.378847,-0.883555,1.999882,0.116197,1.883656,1.883715,0.000000,0.000000,0.000000,0.000000
655,328000,1.261093,0.373702,-0.887391,1.999702,0.112816,1.887026,1.886746,0.998226,52.466968,0.015195,0.070150
656,328500,1.263254,0.373848,-0.889406,2.000220,0.110870,1.889428,1.889271,0.000000,0.000000,0.000000,0.000000
657,329000,1.274516,0.383367,-0.891148,1.998990,0.108262,1.890703,1.890753,0.000000,0.000000,0.000000,0.000000
658,329500,1.270623,0.379271,-0.891352,1.999405,0.108472,1.890942,1.890925,0.000000,0.000000,0.000000,0.000000
659,330000,1.262345,0.370267,-0.892078,1.998361,0.107377,1.891009,1.890960,0.000000,0.000000,0.000000,0.000000
660,330500,1.262512,0.370035,-0.892477,1.997816,0.106876,1.890920,1.890960,0.998269,52.739065,0.015876,0.071057
661,331000,1.270140,0.376601,-0.893539,1.996875,0.106131,1.890788,1.890700,0.000000,0.000000,0.000000,0.000000
662,331500,1.262976,0.366585,-0.896391,1.996399,0.104128,1.892235,1.892306,0.000000,0.000000,0.000000,0.000000
663,332000,1.269826,0.372568,-0.897258,1.997672,0.103419,1.894307,1.894199,0.000000,0.000000,0.000000,0.000000
664,332500,1.276697,0.377939,-0.898758,1.999609,0.100930,1.898649,1.898709,0.000000,0.000000,0.000000,0.000000
665,333000,1.274135,0.374799,-0.899336,1.999217,0.100342,1.898852,1.898899,0.998260,52.457890,0.015250,0.069863
666,333500,1.277850,0.376889,-0.900961,1.999148,0.098660,1.900597,1.900380,0.000000,0.000000,0.000000,0.000000
667,334000,1.274149,0.369102,-0.905047,2.001086,0.095944,1.905032,1.905252,0.000000,0.000000,0.000000,0.000000
668,334500,1.276734,0.371171,-0.905563,2.001230,0.095602,1.905614,1.905642,0.000000,0.000000,0.000000,0.000000
669,335000,1.284233,0.378225,-0.906008,2.000210,0.094160,1.906039,1.906062,0.000000,0.000000,0.000000,0.000000
670,335500,1.279605,0.372707,-0.906898,1.998925,0.092596,1.906320,1.906337,0.998191,52.994533,0.014947,0.070129
671,336000,1.282439,0.375665,-0.906773,1.998823,0.092498,1.906302,1.906348,0.000000,0.000000,0.000000,0.000000
672,336500,1.270176,0.362856,-0.907320,1.998401,0.092079,1.906330,1.906315,0.000000,0.000000,0.000000,0.000000
673,337000,1.273284,0.366417,-0.906867,1.999007,0.092686,1.906328,1.906314,0.000000,0.000000,0.000000,0.000000
674,337500,1.274276,0.366143,-0.908133,1.997812,0.091432,1.906367,1.906394,0.000000,0.000000,0.000000,0.000000
675,338000,1.286337,0.375899,-0.910438,1.996510,0.089763,1.906786,1.906707,0.998146,52.387719,0.016058,0.070211
676,338500,1.289651,0.377323,-0.912328,1.997505,0.088267,1.909285,1.909190,0.000000,0.000000,0.000000,0.000000
677,339000,1.303333,0.385965,-0.917367,1.999278,0.082779,1.916264,1.916735,0.000000,0.000000,0.000000,0.000000
678,339500,1.292121,0.372363,-0.919758,1.999911,0.080549,1.919370,1.919352,0.000000,0.000000,0.000000,0.000000
679,340000,1.296787,0.378889,-0.917898,1.999088,0.082295,1.916574,1.917010,0.000000,0.000000,0.000000,0.000000
680,340500,1.287441,0.370879,-0.916562,1.998922,0.083086,1.915768,1.915904,0.998245,52.036835,0.014896,0.070357
681,341000,1.290147,0.370717,-0.919430,1.999953,0.081006,1.919059,1.918834,0.000000,0.000000,0.000000,0.000000
682,341500,1.288433,0.367597,-0.920836,2.001321,0.079482,1.921783,1.921895,0.000000,0.000000,0.000000,0.000000
683,342000,1.287876,0.370853,-0.917023,2.003840,0.082854,1.921069,1.920902,0.000000,0.000000,0.000000,0.000000
684,342500,1.289882,0.372460,-0.917422,2.003524,0.082408,1.921152,1.921080,0.000000,0.000000,0.000000,0.000000
685,343000,1.292735,0.374118,-0.918617,2.002912,0.081703,1.921199,1.921217,0.998233,52.104029,0.015891,0.070112
686,343500,1.300580,0.379392,-0.921188,2.001615,0.079709,1.921910,1.921902,0.000000,0.000000,0.000000,0.000000
687,344000,1.303625,0.381625,-0.922000,2.000132,0.078186,1.921941,1.921952,0.000000,0.000000,0.000000,0.000000
688,344500,1.303259,0.380962,-0.922297,1.999162,0.077217,1.921942,1.921949,0.000000,0.000000,0.000000,0.000000
689,345000,1.293311,0.370694,-0.922617,1.998601,0.076643,1.921958,1.921958,0.000000,0.000000,0.000000,0.000000
690,345500,1.286616,0.364038,-0.922578,1.998714,0.076770,1.921947,1.921942,0.998245,52.445189,0.016416,0.069869
691,346000,1.287019,0.364816,-0.922203,1.998762,0.076838,1.921924,1.921924,0.000000,0.000000,0.000000,0.000000
692,346500,1.303346,0.379666,-0.923680,1.997683,0.075745,1.921937,1.921939,0.000000,0.000000,0.000000,0.000000
693,347000,1.298501,0.373603,-0.924898,1.996692,0.074728,1.921961,1.921965,0.000000,0.000000,0.000000,0.000000
694,347500,1.298637,0.373973,-0.924664,1.996784,0.074775,1.921993,1.922025,0.000000,0.000000,0.000000,0.000000
695,348000,1.291485,0.365345,-0.926141,1.997335,0.073921,1.923610,1.923218,0.998264,51.955916,0.014843,0.069496
696,348500,1.293729,0.366510,-0.927219,1.997394,0.073340,1.924201,1.923907,0.000000,0.000000,0.000000,0.000000
697,349000,1.319176,0.390215,-0.928961,1.998768,0.071267,1.927571,1.927431,0.000000,0.000000,0.000000,0.000000
698,349500,1.293096,0.362549,-0.930547,1.999128,0.069110,1.930004,1.930031,0.000000,0.000000,0.000000,0.000000
699,350000,1.302116,0.367679,-0.934438,1.999967,0.065947,1.934074,1.933967,0.000000,0.000000,0.000000,0.000000
700,350500,1.309907,0.375086,-0.934820,2.000046,0.065652,1.934239,1.934551,0.998232,52.147122,0.014973,0.069394
701,351000,1.306727,0.369836,-0.936891,2.000107,0.063763,1.936188,1.936499,0.000000,0.000000,0.000000,0.000000
702,351500,1.299178,0.361272,-0.937906,1.999363,0.061841,1.937524,1.937519,0.000000,0.000000,0.000000,0.000000
703,352000,1.302991,0.364835,-0.938156,1.998896,0.061283,1.937635,1.937591,0.000000,0.000000,0.000000,0.000000
704,352500,1.314030,0.374890,-0.939141,1.998041,0.060231,1.937815,1.937804,0.000000,0.000000,0.000000,0.000000
705,353000,1.304018,0.360713,-0.943305,1.997129,0.057161,1.939831,1.940105,0.998241,53.279150,0.014998,0.070795
706,353500,1.312088,0.366877,-0.945211,2.000311,0.055044,1.945481,1.945052,0.000000,0.000000,0.000000,0.000000
707,354000,1.307545,0.362740,-0.944805,1.999373,0.055788,1.943480,1.943691,0.000000,0.000000,0.000000,0.000000
708,354500,1.313261,0.367902,-0.945359,1.999850,0.054516,1.945211,1.945457,0.000000,0.000000,0.000000,0.000000
709,355000,1.310433,0.365621,-0.944813,2.000652,0.055483,1.945170,1.945167,0.000000,0.000000,0.000000,0.000000
710,355500,1.316909,0.370987,-0.945922,1.999349,0.053810,1.945610,1.945468,0.998275,52.584822,0.015012,0.069768
711,356000,1.304595,0.356392,-0.948203,2.000160,0.051519,1.948580,1.948703,0.000000,0.000000,0.000000,0.000000
712,356500,1.324031,0.372406,-0.951625,2.001584,0.049269,1.952229,1.952402,0.000000,0.000000,0.000000,0.000000
713,357000,1.322068,0.369748,-0.952320,2.001403,0.048241,1.953183,1.953140,0.000000,0.000000,0.000000,0.000000
714,357500,1.326651,0.373393,-0.953258,1.999842,0.046634,1.953208,1.953207,0.000000,0.000000,0.000000,0.000000
715,358000,1.320552,0.366177,-0.954375,1.998104,0.044866,1.953244,1.953233,0.998272,53.108456,0.015121,0.070641
716,358500,1.321266,0.363735,-0.957531,1.996785,0.042788,1.954013,1.953981,0.000000,0.000000,0.000000,0.000000
717,359000,1.328501,0.369212,-0.959289,1.998598,0.041378,1.957222,1.957219,0.000000,0.000000,0.000000,0.000000
718,359500,1.333835,0.373710,-0.960125,1.999981,0.040670,1.959211,1.959412,0.000000,0.000000,0.000000,0.000000
719,360000,1.329657,0.369204,-0.960453,1.999696,0.039525,1.960143,1.960199,0.000000,0.000000,0.000000,0.000000
720,360500,1.325128,0.362112,-0.963016,2.000754,0.036628,1.964145,1.964107,0.998241,52.403161,0.014746,0.070158
721,361000,1.342264,0.374827,-0.967437,2.001766,0.033380,1.968329,1.968443,0.000000,0.000000,0.000000,0.000000
722,361500,1.356670,0.387475,-0.969195,1.999343,0.030513,1.968821,1.968840,0.000000,0.000000,0.000000,0.000000
723,362000,1.336981,0.367527,-0.969453,1.998842,0.030008,1.968835,1.968833,0.000000,0.000000,0.000000,0.000000
724,362500,1.328286,0.357841,-0.970445,1.997987,0.029086,1.968862,1.968939,0.000000,0.000000,0.000000,0.000000
725,363000,1.333838,0.362541,-0.971297,1.997166,0.028117,1.969108,1.968991,0.998285,52.619839,0.015206,0.070199
726,363500,1.338949,0.364628,-0.974320,1.996814,0.026452,1.970489,1.970234,0.000000,0.000000,0.000000,0.000000
727,364000,1.339364,0.364598,-0.974766,1.996254,0.025892,1.970374,1.970351,0.000000,0.000000,0.000000,0.000000
728,364500,1.340791,0.367775,-0.973016,1.996862,0.027152,1.969834,1.969587,0.000000,0.000000,0.000000,0.000000
729,365000,1.349204,0.376462,-0.972742,1.997036,0.027363,1.969593,1.969754,0.000000,0.000000,0.000000,0.000000
730,365500,1.343102,0.368845,-0.974258,1.996595,0.026136,1.970476,1.970442,0.998236,52.283494,0.014850,0.070386
731,366000,1.343930,0.366805,-0.977125,1.999212,0.022239,1.976914,1.977033,0.000000,0.000000,0.000000,0.000000
732,366500,1.338470,0.360860,-0.977609,1.998754,0.021551,1.977180,1.977226,0.000000,0.000000,0.000000,0.000000
733,367000,1.352147,0.374358,-0.977789,1.999239,0.021293,1.978031,1.977861,0.000000,0.000000,0.000000,0.000000
734,367500,1.334824,0.357605,-0.977219,1.999160,0.021784,1.977467,1.977287,0.000000,0.000000,0.000000,0.000000
735,368000,1.338977,0.361204,-0.977773,1.999102,0.021443,1.977674,1.977643,0.998269,53.046930,0.015120,0.070683
736,368500,1.351090,0.369879,-0.981211,1.998616,0.019077,1.979407,1.979670,0.000000,0.000000,0.000000,0.000000
737,369000,1.347818,0.366022,-0.981797,1.998895,0.018872,1.980244,1.979803,0.000000,0.000000,0.000000,0.000000
738,369500,1.347703,0.365672,-0.982031,1.999323,0.018605,1.980845,1.980592,0.000000,0.000000,0.000000,0.000000
739,370000,1.348041,0.363806,-0.984234,1.999802,0.015721,1.984061,1.984101,0.000000,0.000000,0.000000,0.000000
740,370500,1.346433,0.360902,-0.985531,1.998125,0.013667,1.984472,1.984443,0.994697,50.762709,0.073565,0.071329
741,371000,1.351381,0.364358,-0.987023,1.997269,0.012589,1.984638,1.984721,0.000000,0.000000,0.000000,0.000000
742,371500,1.347474,0.356849,-0.990625,1.996739,0.010112,1.986734,1.986521,0.000000,0.000000,0.000000,0.000000
743,372000,1.349390,0.360265,-0.989125,1.996364,0.011045,1.985283,1.985356,0.000000,0.000000,0.000000,0.000000
744,372500,1.359765,0.370265,-0.989500,1.996277,0.010852,1.985231,1.985620,0.000000,0.000000,0.000000,0.000000
745,373000,1.352252,0.362893,-0.989359,1.996346,0.011037,1.985259,1.985360,0.998175,52.789117,0.015461,0.070542
746,373500,1.362509,0.372767,-0.989742,1.996242,0.010632,1.985721,1.985499,0.000000,0.000000,0.000000,0.000000
747,374000,1.363254,0.373629,-0.989625,1.996711,0.010973,1.985824,1.985651,0.000000,0.000000,0.000000,0.000000
748,374500,1.357022,0.367905,-0.989117,1.996127,0.011415,1.984650,1.984775,0.000000,0.000000,0.000000,0.000000
749,375000,1.356576,0.370279,-0.986297,1.997738,0.013220,1.984517,1.984519,0.000000,0.000000,0.000000,0.000000
750,375500,1.361161,0.375513,-0.985648,1.997895,0.013448,1.984447,1.984446,0.998193,52.689242,0.015914,0.070577
751,376000,1.356374,0.369398,-0.986977,1.997247,0.012723,1.984543,1.984506,0.000000,0.000000,0.000000,0.000000
752,376500,1.353275,0.363049,-0.990227,1.996386,0.010594,1.985620,1.985962,0.000000,0.000000,0.000000,0.000000
753,377000,1.350588,0.362580,-0.988008,1.997129,0.012055,1.985014,1.985133,0.000000,0.000000,0.000000,0.000000
754,377500,1.349393,0.364213,-0.985180,1.998322,0.013890,1.984433,1.984430,0.000000,0.000000,0.000000,0.000000
755,378000,1.346902,0.361058,-0.985844,1.997836,0.013393,1.984435,1.984451,0.998249,52.792746,0.015013,0.070668
756,378500,1.356836,0.371367,-0.985469,1.997914,0.013490,1.984425,1.984423,0.000000,0.000000,0.000000,0.000000
757,379000,1.352381,0.366678,-0.985703,1.997955,0.013487,1.984484,1.984453,0.000000,0.000000,0.000000,0.000000
758,379500,1.359813,0.372532,-0.987281,1.997018,0.012502,1.984491,1.984541,0.000000,0.000000,0.000000,0.000000
759,380000,1.346833,0.358786,-0.988047,1.996528,0.011950,1.984604,1.984552,0.000000,0.000000,0.000000,0.000000
760,380500,1.346364,0.358997,-0.987367,1.996703,0.012222,1.984496,1.984465,0.998253,52.665721,0.015006,0.070089
761,381000,1.351884,0.363938,-0.987945,1.996578,0.011989,1.984567,1.984611,0.000000,0.000000,0.000000,0.000000
762,381500,1.346357,0.358881,-0.987477,1.997021,0.012403,1.984630,1.984606,0.000000,0.000000,0.000000,0.000000
763,382000,1.356126,0.369150,-0.986977,1.997297,0.012715,1.984549,1.984616,0.000000,0.000000,0.000000,0.000000
764,382500,1.351184,0.364356,-0.986828,1.997284,0.012715,1.984551,1.984587,0.000000,0.000000,0.000000,0.000000
765,383000,1.343891,0.355399,-0.988492,1.996743,0.011667,1.985164,1.984988,0.998273,51.866085,0.014810,0.069996
766,383500,1.350443,0.361763,-0.988680,1.996221,0.011724,1.984488,1.984506,0.000000,0.000000,0.000000,0.000000
767,384000,1.355997,0.369340,-0.986656,1.997393,0.012892,1.984508,1.984494,0.000000,0.000000,0.000000,0.000000
768,384500,1.345105,0.358074,-0.987031,1.997438,0.012729,1.984781,1.984636,0.000000,0.000000,0.000000,0.000000
769,385000,1.352566,0.365151,-0.987414,1.997746,0.012321,1.985480,1.985369,0.000000,0.000000,0.000000,0.000000
770,385500,1.341394,0.356167,-0.985227,1.998325,0.013753,1.984547,1.984597,0.998244,52.837436,0.015999,0.070597
771,386000,1.362016,0.376172,-0.985844,1.997844,0.013398,1.984446,1.984446,0.000000,0.000000,0.000000,0.000000
772,386500,1.355006,0.370443,-0.984563,1.999530,0.015077,1.984452,1.984453,0.000000,0.000000,0.000000,0.000000
773,387000,1.346309,0.361278,-0.985031,1.998838,0.014378,1.984462,1.984457,0.000000,0.000000,0.000000,0.000000
774,387500,1.350789,0.364031,-0.986758,1.997396,0.012916,1.984482,1.984479,0.000000,0.000000,0.000000,0.000000
775,388000,1.353174,0.365104,-0.988070,1.996687,0.011892,1.984729,1.984861,0.998278,52.630516,0.014854,0.069989
776,388500,1.360216,0.370185,-0.990031,1.996644,0.010441,1.985985,1.986422,0.000000,0.000000,0.000000,0.000000
777,389000,1.354278,0.367349,-0.986930,1.997180,0.012666,1.984518,1.984511,0.000000,0.000000,0.000000,0.000000
778,389500,1.347933,0.361479,-0.986453,1.997243,0.012747,1.984482,1.984510,0.000000,0.000000,0.000000,0.000000
779,390000,1.346317,0.358442,-0.987875,1.996678,0.012048,1.984589,1.984671,0.000000,0.000000,0.000000,0.000000
780,390500,1.353704,0.364783,-0.988922,1.996115,0.011342,1.984881,1.984664,0.998291,52.681662,0.015233,0.070354
781,391000,1.361244,0.371377,-0.989867,1.995939,0.011039,1.984845,1.984953,0.000000,0.000000,0.000000,0.000000
782,391500,1.346847,0.357238,-0.989609,1.995982,0.010976,1.985024,1.984990,0.000000,0.000000,0.000000,0.000000
783,392000,1.341909,0.353370,-0.988539,1.996080,0.011441,1.984683,1.984594,0.000000,0.000000,0.000000,0.000000
784,392500,1.357550,0.368949,-0.988602,1.996140,0.011625,1.984502,1.984528,0.000000,0.000000,0.000000,0.000000
785,393000,1.370010,0.381877,-0.988133,1.996479,0.011883,1.984605,1.984588,0.998253,52.791863,0.015748,0.071216
786,393500,1.359150,0.369548,-0.989602,1.995940,0.011003,1.984949,1.984925,0.000000,0.000000,0.000000,0.000000
787,394000,1.350721,0.360416,-0.990305,1.996102,0.010496,1.985724,1.985488,0.000000,0.000000,0.000000,0.000000
788,394500,1.357684,0.368028,-0.989656,1.996221,0.010753,1.985408,1.985528,0.000000,0.000000,0.000000,0.000000
789,395000,1.347787,0.360904,-0.986883,1.997279,0.012768,1.984531,1.984491,0.000000,0.000000,0.000000,0.000000
790,395500,1.357040,0.369814,-0.987227,1.996992,0.012522,1.984460,1.984480,0.998211,51.436714,0.015005,0.068998
791,396000,1.347154,0.359107,-0.988047,1.996428,0.011856,1.984537,1.984606,0.000000,0.000000,0.000000,0.000000
792,396500,1.353746,0.363879,-0.989867,1.995704,0.011024,1.984736,1.984624,0.000000,0.000000,0.000000,0.000000
793,397000,1.362762,0.373481,-0.989281,1.995880,0.011125,1.984709,1.984800,0.000000,0.000000,0.000000,0.000000
794,397500,1.340817,0.351309,-0.989508,1.996317,0.011194,1.985201,1.985044,0.000000,0.000000,0.000000,0.000000
795,398000,1.354810,0.364795,-0.990016,1.995896,0.010744,1.985193,1.985111,0.998263,52.702357,0.015058,0.070358
796,398500,1.359761,0.368964,-0.990797,1.996138,0.009988,1.986124,1.986176,0.000000,0.000000,0.000000,0.000000
797,399000,1.363120,0.372190,-0.990930,1.997445,0.009742,1.987585,1.987819,0.000000,0.000000,0.000000,0.000000
798,399500,1.352302,0.361724,-0.990578,1.996425,0.010040,1.986361,1.986408,0.000000,0.000000,0.000000,0.000000
799,400000,1.353138,0.364537,-0.988602,1.996733,0.011722,1.985015,1.985006,0.000000,0.000000,0.000000,0.000000
800,400500,1.363991,0.375194,-0.988797,1.996255,0.011429,1.984786,1.984866,0.998280,52.923845,0.015089,0.070670
801,401000,1.345973,0.356872,-0.989102,1.996159,0.011135,1.985091,1.984956,0.000000,0.000000,0.000000,0.000000
802,401500,1.349632,0.363374,-0.986258,1.997970,0.013276,1.984661,1.984728,0.000000,0.000000,0.000000,0.000000
803,402000,1.348681,0.361931,-0.986750,1.997690,0.012937,1.984751,1.984753,0.000000,0.000000,0.000000,0.000000
804,402500,1.359450,0.371075,-0.988375,1.997229,0.011732,1.985433,1.985561,0.000000,0.000000,0.000000,0.000000
805,403000,1.346331,0.359791,-0.986539,1.997391,0.012916,1.984481,1.984468,0.998267,53.302545,0.015519,0.071266
806,403500,1.357010,0.370541,-0.986469,1.997436,0.012977,1.984454,1.984462,0.000000,0.000000,0.000000,0.000000
807,404000,1.349504,0.364480,-0.985023,1.999052,0.014595,1.984457,1.984456,0.000000,0.000000,0.000000,0.000000
808,404500,1.346475,0.361991,-0.984484,1.999720,0.015294,1.984427,1.984424,0.000000,0.000000,0.000000,0.000000
809,405000,1.347462,0.363149,-0.984313,2.000231,0.015802,1.984433,1.984426,0.000000,0.000000,0.000000,0.000000
810,405500,1.335463,0.350487,-0.984977,1.998845,0.014396,1.984449,1.984449,0.998266,53.017541,0.016711,0.070661
811,406000,1.355385,0.370135,-0.985250,1.998384,0.013934,1.984451,1.984448,0.000000,0.000000,0.000000,0.000000
812,406500,1.353864,0.367567,-0.986297,1.997623,0.013109,1.984548,1.984480,0.000000,0.000000,0.000000,0.000000
813,407000,1.351923,0.366485,-0.985437,1.998547,0.014023,1.984511,1.984537,0.000000,0.000000,0.000000,0.000000
814,407500,1.343787,0.359506,-0.984281,1.999885,0.015428,1.984446,1.984467,0.000000,0.000000,0.000000,0.000000
815,408000,1.348996,0.363878,-0.985117,1.998840,0.014372,1.984469,1.984468,0.998267,52.536647,0.014523,0.070360
816,408500,1.341733,0.356444,-0.985289,1.998537,0.014077,1.984448,1.984472,0.000000,0.000000,0.000000,0.000000
817,409000,1.341048,0.355743,-0.985305,1.998480,0.013997,1.984501,1.984465,0.000000,0.000000,0.000000,0.000000
818,409500,1.349336,0.364000,-0.985336,1.998171,0.013705,1.984441,1.984492,0.000000,0.000000,0.000000,0.000000
819,410000,1.339822,0.354298,-0.985523,1.998331,0.013880,1.984451,1.984452,0.000000,0.000000,0.000000,0.000000
820,410500,1.351597,0.365034,-0.986563,1.997212,0.012719,1.984508,1.984478,0.998254,52.940263,0.015713,0.070514
821,411000,1.350775,0.364033,-0.986742,1.997370,0.012747,1.984575,1.984671,0.000000,0.000000,0.000000,0.000000
822,411500,1.351342,0.364233,-0.987109,1.997152,0.012635,1.984479,1.984556,0.000000,0.000000,0.000000,0.000000
823,412000,1.347943,0.360724,-0.987219,1.996892,0.012409,1.984491,1.984476,0.000000,0.000000,0.000000,0.000000
824,412500,1.342847,0.355261,-0.987586,1.996580,0.012011,1.984550,1.984587,0.000000,0.000000,0.000000,0.000000
825,413000,1.342421,0.356476,-0.985945,1.997963,0.013355,1.984614,1.984601,0.998272,52.554735,0.014850,0.070025
826,413500,1.348117,0.362344,-0.985773,1.998068,0.013623,1.984447,1.984443,0.000000,0.000000,0.000000,0.000000
827,414000,1.356985,0.370173,-0.986812,1.997104,0.012609,1.984480,1.984508,0.000000,0.000000,0.000000,0.000000
828,414500,1.352887,0.367199,-0.985688,1.997994,0.013535,1.984450,1.984467,0.000000,0.000000,0.000000,0.000000
829,415000,1.343781,0.357813,-0.985969,1.997500,0.013067,1.984444,1.984421,0.000000,0.000000,0.000000,0.000000
830,415500,1.356375,0.369742,-0.986633,1.997070,0.012617,1.984454,1.984451,0.998253,53.169017,0.015428,0.070946
831,416000,1.352564,0.365501,-0.987062,1.997210,0.012701,1.984496,1.984522,0.000000,0.000000,0.000000,0.000000
832,416500,1.354847,0.365496,-0.989352,1.996415,0.011137,1.985311,1.985245,0.000000,0.000000,0.000000,0.000000
833,417000,1.352801,0.364426,-0.988375,1.996485,0.011580,1.984954,1.984855,0.000000,0.000000,0.000000,0.000000
834,417500,1.347718,0.358726,-0.988992,1.996347,0.011303,1.985094,1.984994,0.000000,0.000000,0.000000,0.000000
835,418000,1.358583,0.369333,-0.989250,1.996274,0.011154,1.985255,1.984984,0.998272,52.620607,0.015509,0.070497
836,418500,1.351027,0.360995,-0.990031,1.996068,0.010737,1.985408,1.985254,0.000000,0.000000,0.000000,0.000000
837,419000,1.346514,0.359350,-0.987164,1.996962,0.012423,1.984553,1.984523,0.000000,0.000000,0.000000,0.000000
838,419500,1.349982,0.362599,-0.987383,1.997068,0.012539,1.984511,1.984546,0.000000,0.000000,0.000000,0.000000
839,420000,1.343043,0.354746,-0.988297,1.996586,0.011992,1.984608,1.984579,0.000000,0.000000,0.000000,0.000000
840,420500,1.352913,0.364952,-0.987961,1.996558,0.011969,1.984563,1.984615,0.998259,52.367399,0.015456,0.069931
841,421000,1.351326,0.364193,-0.987133,1.996986,0.012400,1.984624,1.984549,0.000000,0.000000,0.000000,0.000000
842,421500,1.349089,0.361433,-0.987656,1.996616,0.012036,1.984629,1.984532,0.000000,0.000000,0.000000,0.000000
843,422000,1.343024,0.352907,-0.990117,1.996436,0.010643,1.985796,1.985789,0.000000,0.000000,0.000000,0.000000
844,422500,1.333986,0.344892,-0.989094,1.996567,0.011296,1.985324,1.985218,0.000000,0.000000,0.000000,0.000000
845,423000,1.338631,0.349904,-0.988727,1.996169,0.011643,1.984496,1.984555,0.998261,52.931248,0.015773,0.070592
846,423500,1.354412,0.363647,-0.990766,1.996514,0.010107,1.986469,1.986344,0.000000,0.000000,0.000000,0.000000
847,424000,1.361566,0.370832,-0.990734,1.996439,0.009905,1.986587,1.986481,0.000000,0.000000,0.000000,0.000000
848,424500,1.354182,0.365604,-0.988578,1.996646,0.011721,1.985003,1.984845,0.000000,0.000000,0.000000,0.000000
849,425000,1.351727,0.362891,-0.988836,1.996215,0.011538,1.984702,1.984653,0.000000,0.000000,0.000000,0.000000
851,426000,1.349643,0.360393,-0.989250,1.995957,0.011269,1.984680,1.984695,0.000000,0.000000,0.000000,0.000000
852,426500,1.355099,0.364990,-0.990109,1.995727,0.010689,1.985137,1.984939,0.000000,0.000000,0.000000,0.000000
853,427000,1.354636,0.364300,-0.990336,1.995746,0.010510,1.985318,1.985154,0.000000,0.000000,0.000000,0.000000
854,427500,1.350434,0.360543,-0.989891,1.996343,0.010552,1.985814,1.985767,0.000000,0.000000,0.000000,0.000000
855,428000,1.349828,0.361461,-0.988367,1.997001,0.011653,1.985350,1.985346,0.998263,52.627860,0.015858,0.070148
856,428500,1.343921,0.358695,-0.985227,1.997918,0.013507,1.984412,1.984409,0.000000,0.000000,0.000000,0.000000
857,429000,1.344405,0.359390,-0.985016,1.998822,0.014349,1.984472,1.984475,0.000000,0.000000,0.000000,0.000000
858,429500,1.347195,0.361851,-0.985344,1.998311,0.013855,1.984456,1.984455,0.000000,0.000000,0.000000,0.000000
859,430000,1.339749,0.353757,-0.985992,1.997787,0.013326,1.984487,1.984435,0.000000,0.000000,0.000000,0.000000
860,430500,1.350072,0.364072,-0.986000,1.997707,0.013195,1.984503,1.984522,0.998244,52.990166,0.015811,0.070951
861,431000,1.340999,0.353718,-0.987281,1.996897,0.012384,1.984497,1.984530,0.000000,0.000000,0.000000,0.000000
862,431500,1.347340,0.359903,-0.987437,1.997098,0.012408,1.984666,1.984715,0.000000,0.000000,0.000000,0.000000
863,432000,1.338824,0.354347,-0.984477,1.999559,0.015094,1.984476,1.984454,0.000000,0.000000,0.000000,0.000000
864,432500,1.335284,0.350698,-0.984586,1.999093,0.014647,1.984440,1.984453,0.000000,0.000000,0.000000,0.000000
865,433000,1.349774,0.365313,-0.984461,1.999466,0.015023,1.984443,1.984443,0.998254,52.361592,0.015582,0.070330
866,433500,1.344854,0.360581,-0.984273,2.000247,0.015814,1.984425,1.984442,0.000000,0.000000,0.000000,0.000000
867,434000,1.335875,0.351453,-0.984422,2.000113,0.015661,1.984452,1.984451,0.000000,0.000000,0.000000,0.000000
868,434500,1.345697,0.360901,-0.984797,1.998937,0.014494,1.984441,1.984446,0.000000,0.000000,0.000000,0.000000
869,435000,1.342581,0.357159,-0.985422,1.998136,0.013704,1.984431,1.984433,0.000000,0.000000,0.000000,0.000000
870,435500,1.349058,0.364050,-0.985008,1.998251,0.013820,1.984432,1.984430,0.998243,53.369924,0.015809,0.070982
871,436000,1.367204,0.382344,-0.984859,1.998596,0.014157,1.984441,1.984438,0.000000,0.000000,0.000000,0.000000
872,436500,1.346071,0.361422,-0.984648,1.999126,0.014681,1.984446,1.984443,0.000000,0.000000,0.000000,0.000000
873,437000,1.335501,0.350994,-0.984508,1.999884,0.015440,1.984442,1.984447,0.000000,0.000000,0.000000,0.000000
874,437500,1.341738,0.356449,-0.985289,1.998935,0.014467,1.984475,1.984460,0.000000,0.000000,0.000000,0.000000
875,438000,1.356379,0.369348,-0.987031,1.997042,0.012508,1.984519,1.984550,0.998279,53.311139,0.015319,0.071050
876,438500,1.360757,0.373202,-0.987555,1.996885,0.012234,1.984581,1.984722,0.000000,0.000000,0.000000,0.000000
877,439000,1.373569,0.387757,-0.985812,1.998025,0.013552,1.984475,1.984472,0.000000,0.000000,0.000000,0.000000
878,439500,1.360966,0.374154,-0.986812,1.997158,0.012705,1.984449,1.984457,0.000000,0.000000,0.000000,0.000000
879,440000,1.342044,0.353981,-0.988062,1.996771,0.011791,1.985033,1.984927,0.000000,0.000000,0.000000,0.000000
880,440500,1.342526,0.352510,-0.990016,1.996583,0.010526,1.986031,1.986082,0.998258,53.239222,0.014887,0.070878
881,441000,1.337216,0.348388,-0.988828,1.996607,0.011316,1.985184,1.985398,0.000000,0.000000,0.000000,0.000000
882,441500,1.351267,0.363978,-0.987289,1.996869,0.012288,1.984553,1.984609,0.000000,0.000000,0.000000,0.000000
883,442000,1.345176,0.358535,-0.986641,1.997296,0.012781,1.984537,1.984492,0.000000,0.000000,0.000000,0.000000
884,442500,1.347896,0.361302,-0.986594,1.997182,0.012677,1.984565,1.984445,0.000000,0.000000,0.000000,0.000000
885,443000,1.356301,0.369629,-0.986672,1.997371,0.012846,1.984522,1.984528,0.998252,53.351595,0.016177,0.071423
886,443500,1.354012,0.366184,-0.987828,1.996784,0.012208,1.984569,1.984583,0.000000,0.000000,0.000000,0.000000
887,444000,1.338651,0.351307,-0.987344,1.996824,0.012272,1.984569,1.984534,0.000000,0.000000,0.000000,0.000000
888,444500,1.341287,0.353295,-0.987992,1.996754,0.011896,1.984915,1.984800,0.000000,0.000000,0.000000,0.000000
889,445000,1.355148,0.366594,-0.988555,1.996562,0.011245,1.985316,1.985317,0.000000,0.000000,0.000000,0.000000
890,445500,1.352063,0.364751,-0.987313,1.997488,0.012511,1.984978,1.984975,0.998227,52.543934,0.015543,0.070643
891,446000,1.345971,0.360353,-0.985617,1.998203,0.013699,1.984495,1.984513,0.000000,0.000000,0.000000,0.000000
892,446500,1.341856,0.357301,-0.984555,1.999181,0.014960,1.984315,1.984127,0.000000,0.000000,0.000000,0.000000
893,447000,1.333740,0.349638,-0.984102,2.000168,0.015747,1.984432,1.984411,0.000000,0.000000,0.000000,0.000000
894,447500,1.339925,0.354996,-0.984930,1.999213,0.014665,1.984562,1.984532,0.000000,0.000000,0.000000,0.000000
895,448000,1.351588,0.366658,-0.984930,1.999173,0.014584,1.984546,1.984631,0.998244,52.903440,0.016176,0.071021
896,448500,1.338726,0.353398,-0.985328,1.998826,0.014129,1.984726,1.984667,0.000000,0.000000,0.000000,0.000000
897,449000,1.351316,0.366581,-0.984734,1.999879,0.015356,1.984472,1.984576,0.000000,0.000000,0.000000,0.000000
898,449500,1.345388,0.364076,-0.981313,2.001760,0.018494,1.983143,1.983390,0.000000,0.000000,0.000000,0.000000
899,450000,1.338447,0.355275,-0.983172,2.000992,0.017049,1.983980,1.983906,0.000000,0.000000,0.000000,0.000000
900,450500,1.340000,0.355617,-0.984383,1.999711,0.015302,1.984356,1.984463,0.998227,53.011361,0.016545,0.070938
901,451000,1.334572,0.352697,-0.981875,2.001447,0.018132,1.983377,1.983254,0.000000,0.000000,0.000000,0.000000
902,451500,1.339016,0.357492,-0.981523,2.002761,0.018787,1.984004,1.983945,0.000000,0.000000,0.000000,0.000000
903,452000,1.343976,0.360781,-0.983195,2.001229,0.017021,1.984234,1.984184,0.000000,0.000000,0.000000,0.000000
904,452500,1.345281,0.361054,-0.984227,2.000045,0.015655,1.984416,1.984364,0.000000,0.000000,0.000000,0.000000
905,453000,1.351477,0.366781,-0.984695,1.999219,0.014727,1.984492,1.984493,0.998227,52.879787,0.016674,0.071111
906,453500,1.338516,0.353837,-0.984680,1.999389,0.014904,1.984483,1.984486,0.000000,0.000000,0.000000,0.000000
907,454000,1.340185,0.356224,-0.983961,2.000262,0.015754,1.984522,1.984494,0.000000,0.000000,0.000000,0.000000
908,454500,1.344002,0.360744,-0.983258,2.001389,0.017028,1.984317,1.984404,0.000000,0.000000,0.000000,0.000000
909,455000,1.345243,0.359235,-0.986008,1.998577,0.013792,1.984888,1.984682,0.000000,0.000000,0.000000,0.000000
910,455500,1.343247,0.356989,-0.986258,1.998257,0.013445,1.984868,1.984756,0.998213,52.873109,0.015829,0.071922
911,456000,1.352949,0.367550,-0.985398,1.998803,0.014122,1.984595,1.984769,0.000000,0.000000,0.000000,0.000000
912,456500,1.337142,0.354064,-0.983078,2.001205,0.016982,1.984236,1.984210,0.000000,0.000000,0.000000,0.000000
913,457000,1.338663,0.354116,-0.984547,1.999884,0.015406,1.984483,1.984472,0.000000,0.000000,0.000000,0.000000
914,457500,1.344311,0.359280,-0.985031,1.999432,0.014887,1.984516,1.984576,0.000000,0.000000,0.000000,0.000000
915,458000,1.347322,0.362658,-0.984664,1.999195,0.014934,1.984239,1.984283,0.998238,52.776441,0.015407,0.070938
916,458500,1.343622,0.360161,-0.983461,2.000695,0.016520,1.984174,1.984175,0.000000,0.000000,0.000000,0.000000
917,459000,1.342119,0.358439,-0.983680,2.000867,0.016384,1.984487,1.984480,0.000000,0.000000,0.000000,0.000000
918,459500,1.338065,0.354800,-0.983266,2.001181,0.016852,1.984348,1.984309,0.000000,0.000000,0.000000,0.000000
919,460000,1.339272,0.355983,-0.983289,2.001235,0.016797,1.984409,1.984467,0.000000,0.000000,0.000000,0.000000
920,460500,1.356345,0.373283,-0.983062,2.001365,0.017062,1.984228,1.984378,0.998232,53.092036,0.017139,0.071290
921,461000,1.346769,0.364543,-0.982227,2.002334,0.018391,1.983937,1.983951,0.000000,0.000000,0.000000,0.000000
922,461500,1.355306,0.372220,-0.983086,2.002038,0.017601,1.984478,1.984394,0.000000,0.000000,0.000000,0.000000
923,462000,1.338648,0.355249,-0.983398,2.001577,0.017133,1.984457,1.984430,0.000000,0.000000,0.000000,0.000000
924,462500,1.335973,0.352262,-0.983711,2.001292,0.016857,1.984444,1.984425,0.000000,0.000000,0.000000,0.000000
925,463000,1.344479,0.360323,-0.984156,2.000895,0.016442,1.984441,1.984465,0.998255,52.845651,0.015799,0.070193
926,463500,1.343810,0.360052,-0.983758,2.001159,0.016737,1.984445,1.984399,0.000000,0.000000,0.000000,0.000000
927,464000,1.341165,0.356939,-0.984227,2.000475,0.016030,1.984445,1.984446,0.000000,0.000000,0.000000,0.000000
928,464500,1.336879,0.352691,-0.984187,2.000823,0.016383,1.984442,1.984437,0.000000,0.000000,0.000000,0.000000
929,465000,1.345927,0.362685,-0.983242,2.001704,0.017620,1.984036,1.984132,0.000000,0.000000,0.000000,0.000000
930,465500,1.344285,0.361074,-0.983211,2.001905,0.017680,1.984226,1.984223,0.998054,52.910431,0.018505,0.071791
931,466000,1.354086,0.370860,-0.983227,2.002114,0.017726,1.984393,1.984383,0.000000,0.000000,0.000000,0.000000
932,466500,1.340998,0.357912,-0.983086,2.002063,0.017756,1.984348,1.984266,0.000000,0.000000,0.000000,0.000000
933,467000,1.336256,0.354475,-0.981781,2.001813,0.018457,1.983271,1.983441,0.000000,0.000000,0.000000,0.000000
934,467500,1.338139,0.354467,-0.983672,2.000957,0.016595,1.984368,1.984355,0.000000,0.000000,0.000000,0.000000
935,468000,1.336036,0.351223,-0.984812,1.999453,0.014881,1.984596,1.984548,0.998254,52.772608,0.015482,0.071304
936,468500,1.342725,0.356507,-0.986219,1.997870,0.013220,1.984664,1.984635,0.000000,0.000000,0.000000,0.000000
937,469000,1.356691,0.369590,-0.987102,1.997605,0.012757,1.984796,1.984900,0.000000,0.000000,0.000000,0.000000
938,469500,1.343904,0.355670,-0.988234,1.996704,0.011619,1.985095,1.985076,0.000000,0.000000,0.000000,0.000000
939,470000,1.343580,0.356932,-0.986648,1.997805,0.013167,1.984633,1.984644,0.000000,0.000000,0.000000,0.000000
940,470500,1.349647,0.363045,-0.986602,1.997487,0.012951,1.984514,1.984558,0.998258,52.424781,0.016719,0.069865
941,471000,1.350731,0.363629,-0.987102,1.997107,0.012546,1.984562,1.984560,0.000000,0.000000,0.000000,0.000000
942,471500,1.347692,0.359770,-0.987922,1.996642,0.011934,1.984721,1.984694,0.000000,0.000000,0.000000,0.000000
943,472000,1.349725,0.361147,-0.988578,1.996578,0.011793,1.984809,1.984759,0.000000,0.000000,0.000000,0.000000
944,472500,1.345523,0.356296,-0.989227,1.996070,0.011295,1.984725,1.984825,0.000000,0.000000,0.000000,0.000000
945,473000,1.356304,0.367514,-0.988789,1.996247,0.011624,1.984660,1.984585,0.998238,52.996099,0.016246,0.070413
946,473500,1.333313,0.345915,-0.987398,1.996885,0.012312,1.984554,1.984593,0.000000,0.000000,0.000000,0.000000
947,474000,1.340111,0.352978,-0.987133,1.996888,0.012356,1.984509,1.984555,0.000000,0.000000,0.000000,0.000000
948,474500,1.353938,0.366469,-0.987469,1.996993,0.012421,1.984596,1.984548,0.000000,0.000000,0.000000,0.000000
949,475000,1.342088,0.355306,-0.986781,1.997143,0.012597,1.984549,1.984542,0.000000,0.000000,0.000000,0.000000
950,475500,1.342240,0.354943,-0.987297,1.996878,0.012325,1.984601,1.984504,0.998247,52.888408,0.016221,0.071430
951,476000,1.349813,0.361336,-0.988477,1.996766,0.011764,1.984953,1.985050,0.000000,0.000000,0.000000,0.000000
952,476500,1.336263,0.347013,-0.989250,1.996452,0.011230,1.985409,1.985035,0.000000,0.000000,0.000000,0.000000
953,477000,1.353837,0.363657,-0.990180,1.996745,0.010383,1.986307,1.986416,0.000000,0.000000,0.000000,0.000000
954,477500,1.342930,0.355930,-0.987000,1.997711,0.012633,1.985190,1.984965,0.000000,0.000000,0.000000,0.000000
955,478000,1.341956,0.355441,-0.986516,1.997369,0.012862,1.984526,1.984488,0.998246,52.974831,0.016879,0.071794
956,478500,1.340028,0.353739,-0.986289,1.997785,0.013175,1.984607,1.984613,0.000000,0.000000,0.000000,0.000000
957,479000,1.348394,0.361918,-0.986477,1.997431,0.012950,1.984489,1.984473,0.000000,0.000000,0.000000,0.000000
958,479500,1.351841,0.364404,-0.987437,1.996918,0.012365,1.984519,1.984587,0.000000,0.000000,0.000000,0.000000
959,480000,1.341715,0.354340,-0.987375,1.996707,0.012184,1.984528,1.984519,0.000000,0.000000,0.000000,0.000000
960,480500,1.336115,0.349084,-0.987031,1.997103,0.012576,1.984538,1.984516,0.998263,52.856262,0.016788,0.070823
961,481000,1.339932,0.352822,-0.987109,1.997015,0.012541,1.984471,1.984476,0.000000,0.000000,0.000000,0.000000
962,481500,1.341428,0.354631,-0.986797,1.997153,0.012692,1.984458,1.984463,0.000000,0.000000,0.000000,0.000000
963,482000,1.344855,0.357644,-0.987211,1.996930,0.012460,1.984459,1.984482,0.000000,0.000000,0.000000,0.000000
964,482500,1.339198,0.351924,-0.987273,1.996861,0.012392,1.984468,1.984470,0.000000,0.000000,0.000000,0.000000
965,483000,1.361010,0.372392,-0.988617,1.996425,0.011793,1.984576,1.984689,0.998259,52.744245,0.015743,0.071498
966,483500,1.352355,0.363699,-0.988656,1.996155,0.011616,1.984541,1.984537,0.000000,0.000000,0.000000,0.000000
967,484000,1.354647,0.367577,-0.987070,1.996942,0.012436,1.984483,1.984529,0.000000,0.000000,0.000000,0.000000
968,484500,1.346157,0.358469,-0.987688,1.996622,0.012126,1.984512,1.984482,0.000000,0.000000,0.000000,0.000000
969,485000,1.337071,0.348665,-0.988406,1.996435,0.011749,1.984616,1.984755,0.000000,0.000000,0.000000,0.000000
970,485500,1.340357,0.351677,-0.988680,1.996435,0.011539,1.984873,1.984919,0.998242,52.473355,0.016141,0.070162
971,486000,1.343479,0.355760,-0.987719,1.996720,0.012064,1.984641,1.984672,0.000000,0.000000,0.000000,0.000000
972,486500,1.344937,0.356624,-0.988313,1.996841,0.012031,1.984859,1.984762,0.000000,0.000000,0.000000,0.000000
973,487000,1.336976,0.347734,-0.989242,1.997495,0.010812,1.986870,1.986497,0.000000,0.000000,0.000000,0.000000
974,487500,1.357933,0.366988,-0.990945,1.997514,0.009756,1.987642,1.987874,0.000000,0.000000,0.000000,0.000000
975,488000,1.351888,0.360630,-0.991258,1.997926,0.009328,1.988718,1.988477,0.998255,52.502025,0.016107,0.069731
976,488500,1.336359,0.346695,-0.989664,1.996109,0.010976,1.985031,1.985235,0.000000,0.000000,0.000000,0.000000
977,489000,1.341039,0.354422,-0.986617,1.997435,0.012983,1.984458,1.984446,0.000000,0.000000,0.000000,0.000000
978,489500,1.350500,0.364086,-0.986414,1.997565,0.013060,1.984522,1.984489,0.000000,0.000000,0.000000,0.000000
979,490000,1.340802,0.354818,-0.985984,1.998211,0.013571,1.984692,1.984588,0.000000,0.000000,0.000000,0.000000
980,490500,1.350367,0.363609,-0.986758,1.997301,0.012732,1.984558,1.984579,0.998261,52.038436,0.016125,0.070547
981,491000,1.342575,0.354536,-0.988039,1.996821,0.011898,1.985028,1.984819,0.000000,0.000000,0.000000,0.000000
982,491500,1.351599,0.362520,-0.989078,1.996872,0.011197,1.985655,1.985694,0.000000,0.000000,0.000000,0.000000
983,492000,1.347550,0.358777,-0.988773,1.996692,0.011402,1.985348,1.985232,0.000000,0.000000,0.000000,0.000000
984,492500,1.331691,0.342886,-0.988805,1.996650,0.011486,1.985334,1.984996,0.000000,0.000000,0.000000,0.000000
985,493000,1.351943,0.363818,-0.988125,1.996520,0.011756,1.984783,1.984746,0.998189,53.142960,0.016045,0.072258
986,493500,1.338878,0.349925,-0.988953,1.996316,0.011370,1.984985,1.984907,0.000000,0.000000,0.000000,0.000000
987,494000,1.343274,0.353993,-0.989281,1.996275,0.011030,1.985229,1.985262,0.000000,0.000000,0.000000,0.000000
988,494500,1.342999,0.352976,-0.990023,1.995949,0.010507,1.985552,1.985331,0.000000,0.000000,0.000000,0.000000
989,495000,1.339222,0.350355,-0.988867,1.996899,0.011418,1.985504,1.985459,0.000000,0.000000,0.000000,0.000000
990,495500,1.341178,0.355100,-0.986078,1.997497,0.013016,1.984514,1.984447,0.998174,52.959071,0.017067,0.071493
991,496000,1.336703,0.350547,-0.986156,1.997737,0.013136,1.984600,1.984602,0.000000,0.000000,0.000000,0.000000
992,496500,1.340663,0.352390,-0.988273,1.996698,0.011837,1.984905,1.984816,0.000000,0.000000,0.000000,0.000000
993,497000,1.350919,0.362169,-0.988750,1.996907,0.011581,1.985481,1.985171,0.000000,0.000000,0.000000,0.000000
994,497500,1.329410,0.344480,-0.984930,1.998845,0.014369,1.984475,1.984478,0.000000,0.000000,0.000000,0.000000
995,498000,1.332222,0.347355,-0.984867,1.998943,0.014470,1.984479,1.984466,0.998238,52.231898,0.016530,0.071206
996,498500,1.340274,0.355220,-0.985055,1.998556,0.014093,1.984470,1.984456,0.000000,0.000000,0.000000,0.000000
997,499000,1.346098,0.360566,-0.985531,1.998296,0.013761,1.984541,1.984529,0.000000,0.000000,0.000000,0.000000
998,499500,1.335350,0.349889,-0.985461,1.998509,0.013892,1.984615,1.984619,0.000000,0.000000,0.000000,0.000000
999,500000,1.348503,0.363276,-0.985227,1.998733,0.014220,1.984515,1.984512,0.000000,0.000000,0.000000,0.000000
1000,500500,1.343163,0.357984,-0.985180,1.998803,0.014355,1.984447,1.984448,0.998263,53.257651,0.016395,0.071308
